support,itemsets,itemset_size
0.014269449715370018,10133,1
0.012599620493358634,10135,1
0.03582542694497154,15036,1
0.010398481973434535,15039,1
0.02064516129032258,15056BL,1
0.029753320683111956,15056N,1
0.011916508538899431,16156S,1
0.018216318785578747,16161P,1
0.010018975332068311,16161U,1
0.01047438330170778,16169E,1
0.012371916508538899,16235,1
0.010246679316888045,16236,1
0.021480075901328274,16237,1
0.01715370018975332,17003,1
0.011537001897533207,20665,1
0.015863377609108158,20668,1
0.014952561669829221,20674,1
0.023529411764705882,20675,1
0.0327134724857685,20676,1
0.02444022770398482,20677,1
0.02178368121442125,20679,1
0.017077798861480076,20682,1
0.04774193548387097,20685,1
0.011233396584440229,20707,1
0.038178368121442124,20711,1
0.06307400379506642,20712,1
0.04713472485768501,20713,1
0.029905123339658442,20717,1
0.04197343453510437,20718,1
0.06079696394686907,20719,1
0.05320683111954459,20723,1
0.07582542694497153,20724,1
0.11476280834914611,20725,1
0.07392789373814042,20726,1
0.09206831119544592,20727,1
0.08402277039848198,20728,1
0.015180265654648957,20733,1
0.025199240986717268,20749,1
0.026185958254269448,20750,1
0.014876660341555978,20751,1
0.011081593927893738,20752,1
0.022314990512333967,20754,1
0.01685009487666034,20828,1
0.01366223908918406,20829,1
0.0626944971537002,20914,1
0.01669829222011385,20961,1
0.01685009487666034,20963,1
0.02125237191650854,20969,1
0.01806451612903226,20970,1
0.03741935483870968,20971,1
0.04425047438330171,20972,1
0.026185958254269448,20973,1
0.025654648956356736,20974,1
0.02588235294117647,20975,1
0.013814041745730551,20977,1
0.01920303605313093,20978,1
0.023225806451612905,20979,1
0.018444022770398482,20981,1
0.01889943074003795,20982,1
0.019582542694497152,20983,1
0.012371916508538899,20984,1
0.0203415559772296,20992,1
0.016622390891840606,20996,1
0.014421252371916509,21012,1
0.01047438330170778,21015,1
0.022466793168880457,21033,1
0.05821631878557875,21034,1
0.028538899430740037,21035,1
0.019127134724857685,21041,1
0.014724857685009488,21068,1
0.012979127134724858,21071,1
0.022770398481973434,21078,1
0.06998102466793168,21080,1
0.012827324478178368,21084,1
0.03058823529411765,21086,1
0.015483870967741935,21090,1
0.037874762808349144,21094,1
0.017533206831119544,21098,1
0.017836812144212524,21108,1
0.010929791271347248,21115,1
0.017381404174573054,21116,1
0.027552182163187857,21121,1
0.024819734345351042,21122,1
0.011385199240986717,21123,1
0.01760910815939279,21124,1
0.011916508538899431,21135,1
0.025654648956356736,21136,1
0.022314990512333967,21137,1
0.03324478178368121,21154,1
0.03514231499051233,21155,1
0.02535104364326376,21156,1
0.01267552182163188,21158,1
0.01206831119544592,21162,1
0.02049335863377609,21164,1
0.03309297912713473,21165,1
0.05161290322580645,21166,1
0.03278937381404175,21169,1
0.0333965844402277,21172,1
0.03855787476280835,21174,1
0.058368121442125234,21175,1
0.019810246679316888,21179,1
0.058823529411764705,21181,1
0.031878557874762806,21210,1
0.0974573055028463,21212,1
0.04872865275142315,21213,1
0.030284629981024668,21216,1
0.02428842504743833,21217,1
0.028538899430740037,21218,1
0.012523719165085389,21224,1
0.03620493358633776,21231,1
0.05776091081593928,21232,1
0.028614800759013282,21238,1
0.02284629981024668,21239,1
0.023908918406072108,21240,1
0.02208728652751423,21242,1
0.01540796963946869,21243,1
0.014193548387096775,21244,1
0.018519924098671727,21257,1
0.01062618595825427,21258,1
0.01950664136622391,21259,1
0.011157495256166983,21260,1
0.015332068311195445,21313,1
0.037874762808349144,21314,1
0.02178368121442125,21326,1
0.018975332068311195,21327,1
0.025426944971537004,21328,1
0.021176470588235293,21329,1
0.01760910815939279,21340,1
0.011461100569259962,21356,1
0.020189753320683113,21380,1
0.016242884250474383,21381,1
0.012447817836812144,21383,1
0.023301707779886147,21385,1
0.01555977229601518,21390,1
0.01669829222011385,21411,1
0.01920303605313093,21428,1
0.020037950664136623,21429,1
0.03370018975332068,21430,1
0.01062618595825427,21447,1
0.013282732447817837,21452,1
0.010246679316888045,21454,1
0.011688804554079696,21471,1
0.036053130929791274,21479,1
0.03468690702087286,21481,1
0.028918406072106263,21484,1
0.04318785578747628,21485,1
0.023225806451612905,21494,1
0.011916508538899431,21495,1
0.01685009487666034,21497,1
0.02428842504743833,21498,1
0.015483870967741935,21499,1
0.015256166982922202,21500,1
0.023681214421252372,21506,1
0.019658444022770397,21507,1
0.015863377609108158,21508,1
0.020417457305502845,21509,1
0.017988614800759015,21519,1
0.03400379506641366,21523,1
0.032182163187855786,21524,1
0.017381404174573054,21531,1
0.023377609108159392,21533,1
0.010929791271347248,21534,1
0.024060721062618595,21535,1
0.016925996204933586,21539,1
0.012903225806451613,21544,1
0.011916508538899431,21557,1
0.030132827324478178,21558,1
0.04227703984819734,21559,1
0.015787476280834916,21561,1
0.011612903225806452,21563,1
0.012979127134724858,21577,1
0.01032258064516129,21584,1
0.010398481973434535,21591,1
0.015332068311195445,21592,1
0.01206831119544592,21619,1
0.01222011385199241,21620,1
0.03058823529411765,21621,1
0.014573055028462997,21623,1
0.011992409867172675,21625,1
0.014724857685009488,21658,1
0.03157495256166983,21668,1
0.030056925996204933,21669,1
0.026869070208728654,21670,1
0.02679316888045541,21671,1
0.02967741935483871,21672,1
0.02679316888045541,21673,1
0.0101707779886148,21679,1
0.014648956356736242,21700,1
0.02140417457305503,21703,1
0.01776091081593928,21704,1
0.010246679316888045,21705,1
0.01062618595825427,21713,1
0.01631878557874763,21714,1
0.016622390891840606,21715,1
0.017305502846299812,21716,1
0.015863377609108158,21718,1
0.060569259962049336,21731,1
0.04956356736242884,21733,1
0.014345351043643264,21745,1
0.015104364326375712,21746,1
0.05275142314990512,21754,1
0.042049335863377606,21755,1
0.018216318785578747,21756,1
0.026565464895635674,21770,1
0.01206831119544592,21773,1
0.013889943074003794,21774,1
0.01047438330170778,21775,1
0.01669829222011385,21786,1
0.01715370018975332,21787,1
0.0667931688804554,21790,1
0.04387096774193548,21791,1
0.013358633776091082,21802,1
0.014724857685009488,21803,1
0.018444022770398482,21810,1
0.017988614800759015,21811,1
0.012144212523719165,21818,1
0.013206831119544592,21829,1
0.014269449715370018,21832,1
0.011688804554079696,21833,1
0.036053130929791274,21843,1
0.010929791271347248,21844,1
0.013358633776091082,21864,1
0.014345351043643264,21866,1
0.02170777988614801,21868,1
0.011840607210626186,21870,1
0.025958254269449716,21871,1
0.010550284629981024,21872,1
0.02155597722960152,21874,1
0.010550284629981024,21875,1
0.024364326375711575,21876,1
0.025806451612903226,21877,1
0.016015180265654648,21878,1
0.01791271347248577,21880,1
0.027552182163187857,21888,1
0.04303605313092979,21889,1
0.016774193548387096,21890,1
0.030284629981024668,21891,1
0.029601518026565465,21892,1
0.02094876660341556,21899,1
0.027628083491461102,21900,1
0.022770398481973434,21901,1
0.015483870967741935,21902,1
0.013206831119544592,21903,1
0.011916508538899431,21905,1
0.01267552182163188,21906,1
0.02664136622390892,21907,1
0.03438330170777989,21908,1
0.02838709677419355,21912,1
0.010929791271347248,21913,1
0.0428842504743833,21914,1
0.047058823529411764,21915,1
0.025806451612903226,21916,1
0.016925996204933586,21917,1
0.027400379506641367,21918,1
0.013586337760910816,21922,1
0.05700189753320683,21928,1
0.06216318785578748,21929,1
0.05130929791271347,21930,1
0.0859203036053131,21931,1
0.032182163187855786,21932,1
0.030208728652751423,21933,1
0.03081593927893738,21934,1
0.039468690702087285,21935,1
0.037191650853889945,21936,1
0.01791271347248577,21937,1
0.011537001897533207,21947,1
0.011385199240986717,21948,1
0.010853889943074005,21949,1
0.01396584440227704,21955,1
0.017305502846299812,21967,1
0.02588235294117647,21974,1
0.04394686907020873,21975,1
0.029146110056925995,21976,1
0.06360531309297912,21977,1
0.02208728652751423,21980,1
0.019886148007590133,21981,1
0.026717267552182164,21982,1
0.011537001897533207,21983,1
0.015863377609108158,21984,1
0.03157495256166983,21985,1
0.01366223908918406,21986,1
0.012296015180265655,21987,1
0.013814041745730551,21988,1
0.024516129032258065,21989,1
0.027476280834914612,21990,1
0.015787476280834916,21991,1
0.03240986717267552,21992,1
0.03142314990512334,21993,1
0.010702087286527514,22023,1
0.016091081593927893,22024,1
0.011992409867172675,22026,1
0.02717267552182163,22027,1
0.01935483870967742,22028,1
0.03939278937381404,22029,1
0.020113851992409868,22030,1
0.010094876660341557,22035,1
0.026565464895635674,22037,1
0.023908918406072108,22041,1
0.015635673624288426,22045,1
0.015332068311195445,22055,1
0.012296015180265655,22059,1
0.0174573055028463,22064,1
0.017381404174573054,22065,1
0.01077798861480076,22068,1
0.01077798861480076,22069,1
0.01047438330170778,22072,1
0.015028462998102466,22074,1
0.014800759013282733,22075,1
0.016546489563567364,22076,1
0.06869070208728653,22077,1
0.013889943074003794,22078,1
0.023605313092979127,22079,1
0.010853889943074005,22080,1
0.0101707779886148,22081,1
0.028842504743833017,22082,1
0.0435673624288425,22083,1
0.028311195445920305,22084,1
0.08053130929791272,22086,1
0.02049335863377609,22087,1
0.016774193548387096,22088,1
0.019127134724857685,22089,1
0.055939278937381404,22090,1
0.01206831119544592,22091,1
0.011840607210626186,22093,1
0.014497153700189754,22094,1
0.010246679316888045,22095,1
0.01032258064516129,22097,1
0.012371916508538899,22098,1
0.011385199240986717,22099,1
0.013434535104364327,22107,1
0.021631878557874764,22109,1
0.020417457305502845,22110,1
0.05290322580645161,22111,1
0.057685009487666035,22112,1
0.03840607210626186,22113,1
0.04402277039848197,22114,1
0.016546489563567364,22115,1
0.01062618595825427,22116,1
0.013434535104364327,22120,1
0.02140417457305503,22131,1
0.011233396584440229,22132,1
0.01222011385199241,22134,1
0.013434535104364327,22135,1
0.06239089184060721,22138,1
0.06671726755218216,22139,1
0.0333965844402277,22141,1
0.02777988614800759,22142,1
0.039165085388994304,22144,1
0.03453510436432638,22147,1
0.013358633776091082,22148,1
0.038633776091081595,22149,1
0.03392789373814042,22150,1
0.023453510436432637,22151,1
0.011764705882352941,22154,1
0.010702087286527514,22155,1
0.01806451612903226,22156,1
0.02125237191650854,22158,1
0.024895635673624288,22161,1
0.010853889943074005,22165,1
0.011081593927893738,22167,1
0.025806451612903226,22169,1
0.01889943074003795,22170,1
0.025806451612903226,22171,1
0.034611005692599624,22173,1
0.023301707779886147,22174,1
0.011992409867172675,22175,1
0.06785578747628083,22178,1
0.020417457305502845,22179,1
0.011233396584440229,22185,1
0.011081593927893738,22186,1
0.01411764705882353,22187,1
0.012979127134724858,22188,1
0.03643263757115749,22189,1
0.028614800759013282,22191,1
0.024895635673624288,22192,1
0.03043643263757116,22193,1
0.027476280834914612,22195,1
0.03453510436432638,22196,1
0.09889943074003794,22197,1
0.01206831119544592,22199,1
0.010094876660341557,22200,1
0.010550284629981024,22203,1
0.013814041745730551,22207,1
0.020872865275142316,22208,1
0.012903225806451613,22209,1
0.01396584440227704,22210,1
0.014497153700189754,22211,1
0.02952561669829222,22212,1
0.038785578747628086,22219,1
0.014724857685009488,22222,1
0.010853889943074005,22224,1
0.021328273244781783,22227,1
0.010550284629981024,22228,1
0.010550284629981024,22231,1
0.016622390891840606,22241,1
0.01206831119544592,22244,1
0.010929791271347248,22249,1
0.010853889943074005,22250,1
0.010018975332068311,22251,1
0.010094876660341557,22262,1
0.011840607210626186,22268,1
0.02125237191650854,22271,1
0.023225806451612905,22273,1
0.01889943074003795,22274,1
0.013130929791271347,22278,1
0.010929791271347248,22283,1
0.021328273244781783,22294,1
0.01791271347248577,22295,1
0.022390891840607212,22296,1
0.02777988614800759,22297,1
0.013738140417457306,22300,1
0.01791271347248577,22301,1
0.015256166982922202,22302,1
0.018975332068311195,22303,1
0.010246679316888045,22311,1
0.010018975332068311,22314,1
0.012523719165085389,22315,1
0.0101707779886148,22318,1
0.01032258064516129,22322,1
0.05282732447817837,22326,1
0.021176470588235293,22327,1
0.042352941176470586,22328,1
0.017533206831119544,22329,1
0.013206831119544592,22331,1
0.01062618595825427,22332,1
0.022770398481973434,22333,1
0.016242884250474383,22335,1
0.013206831119544592,22338,1
0.02648956356736243,22348,1
0.03521821631878558,22352,1
0.06368121442125237,22355,1
0.05419354838709677,22356,1
0.012903225806451613,22357,1
0.018368121442125237,22358,1
0.014497153700189754,22360,1
0.019430740037950665,22361,1
0.011461100569259962,22364,1
0.012827324478178368,22365,1
0.014648956356736242,22366,1
0.04053130929791272,22367,1
0.027476280834914612,22371,1
0.01062618595825427,22372,1
0.016015180265654648,22374,1
0.01222011385199241,22375,1
0.014952561669829221,22377,1
0.021631878557874764,22378,1
0.05328273244781784,22379,1
0.020872865275142316,22380,1
0.03256166982922201,22381,1
0.08417457305502846,22382,1
0.09343453510436432,22383,1
0.07908918406072106,22384,1
0.050094876660341556,22385,1
0.08683111954459204,22386,1
0.017836812144212524,22398,1
0.011081593927893738,22400,1
0.011157495256166983,22402,1
0.08523719165085389,22411,1
0.010853889943074005,22412,1
0.0298292220113852,22413,1
0.03840607210626186,22417,1
0.02314990512333966,22418,1
0.019810246679316888,22419,1
0.015028462998102466,22421,1
0.01540796963946869,22422,1
0.12683111954459203,22423,1
0.030284629981024668,22424,1
0.011309297912713472,22425,1
0.014041745730550285,22426,1
0.03127134724857685,22427,1
0.026185958254269448,22429,1
0.013358633776091082,22430,1
0.024364326375711575,22431,1
0.019962049335863378,22432,1
0.01669829222011385,22433,1
0.018595825426944972,22435,1
0.011385199240986717,22436,1
0.016546489563567364,22437,1
0.013738140417457306,22439,1
0.010702087286527514,22440,1
0.015863377609108158,22441,1
0.010246679316888045,22449,1
0.01062618595825427,22452,1
0.03278937381404175,22456,1
0.08447817836812144,22457,1
0.015028462998102466,22460,1
0.024060721062618595,22464,1
0.013889943074003794,22465,1
0.015256166982922202,22466,1
0.04774193548387097,22467,1
0.010702087286527514,22468,1
0.08242884250474383,22469,1
0.06231499051233397,22470,1
0.010246679316888045,22475,1
0.011764705882352941,22483,1
0.01351043643263757,22485,1
0.02702087286527514,22487,1
0.029449715370018975,22488,1
0.0327134724857685,22489,1
0.015787476280834916,22491,1
0.026717267552182164,22492,1
0.015332068311195445,22493,1
0.0181404174573055,22494,1
0.010094876660341557,22498,1
0.02732447817836812,22499,1
0.031195445920303606,22501,1
0.031878557874762806,22502,1
0.0225426944971537,22505,1
0.03263757115749526,22507,1
0.021024667931688803,22508,1
0.010018975332068311,22523,1
0.017381404174573054,22530,1
0.014952561669829221,22531,1
0.019430740037950665,22534,1
0.010094876660341557,22535,1
0.011309297912713472,22536,1
0.012523719165085389,22537,1
0.0101707779886148,22539,1
0.012979127134724858,22544,1
0.015256166982922202,22548,1
0.02633776091081594,22549,1
0.015863377609108158,22550,1
0.05001897533206831,22551,1
0.0406831119544592,22553,1
0.052371916508538896,22554,1
0.03825426944971537,22555,1
0.04174573055028463,22556,1
0.04182163187855788,22557,1
0.055104364326375714,22558,1
0.02777988614800759,22560,1
0.031043643263757116,22561,1
0.01555977229601518,22562,1
0.0203415559772296,22563,1
0.013434535104364327,22564,1
0.010929791271347248,22565,1
0.010929791271347248,22566,1
0.01571157495256167,22567,1
0.0327134724857685,22568,1
0.024667931688804556,22569,1
0.027096774193548386,22570,1
0.018595825426944972,22571,1
0.013130929791271347,22572,1
0.016166982922201138,22573,1
0.016166982922201138,22574,1
0.012751423149905123,22576,1
0.03870967741935484,22577,1
0.037039848197343454,22578,1
0.024516129032258065,22579,1
0.0174573055028463,22580,1
0.013055028462998103,22581,1
0.013889943074003794,22584,1
0.02808349146110057,22585,1
0.011992409867172675,22586,1
0.011992409867172675,22587,1
0.01267552182163188,22588,1
0.014573055028462997,22593,1
0.014573055028462997,22594,1
0.0327134724857685,22595,1
0.018823529411764704,22596,1
0.01366223908918406,22597,1
0.013814041745730551,22600,1
0.014497153700189754,22601,1
0.020189753320683113,22602,1
0.012447817836812144,22603,1
0.01950664136622391,22605,1
0.02413662239089184,22607,1
0.010702087286527514,22608,1
0.011537001897533207,22609,1
0.016015180265654648,22610,1
0.010550284629981024,22613,1
0.016015180265654648,22614,1
0.03681214421252372,22616,1
0.0313472485768501,22617,1
0.029981024667931688,22619,1
0.035597722960151804,22620,1
0.04379506641366224,22621,1
0.017229601518026567,22622,1
0.017229601518026567,22623,1
0.0472865275142315,22624,1
0.036888045540796964,22625,1
0.013282732447817837,22626,1
0.02444022770398482,22627,1
0.013206831119544592,22628,1
0.06550284629981025,22629,1
0.06231499051233397,22630,1
0.02922201138519924,22631,1
0.02648956356736243,22632,1
0.03225806451612903,22633,1
0.014648956356736242,22634,1
0.013055028462998103,22635,1
0.013434535104364327,22636,1
0.023833017077798863,22637,1
0.010094876660341557,22639,1
0.020113851992409868,22644,1
0.025275142314990513,22645,1
0.028159392789373815,22646,1
0.01351043643263757,22649,1
0.01032258064516129,22650,1
0.012447817836812144,22651,1
0.03438330170777989,22652,1
0.018595825426944972,22653,1
0.023681214421252372,22654,1
0.05077798861480076,22659,1
0.030132827324478178,22661,1
0.050246679316888046,22662,1
0.03309297912713473,22663,1
0.01206831119544592,22664,1
0.02588235294117647,22665,1
0.0793168880455408,22666,1
0.033320683111954456,22667,1
0.023908918406072108,22668,1
0.01631878557874763,22669,1
0.022390891840607212,22670,1
0.010550284629981024,22671,1
0.016166982922201138,22672,1
0.013814041745730551,22674,1
0.012144212523719165,22675,1
0.014724857685009488,22676,1
0.013738140417457306,22677,1
0.011764705882352941,22678,1
0.011157495256166983,22679,1
0.011157495256166983,22680,1
0.011916508538899431,22686,1
0.010398481973434535,22689,1
0.01920303605313093,22690,1
0.03081593927893738,22692,1
0.02125237191650854,22693,1
0.027628083491461102,22694,1
0.0101707779886148,22696,1
0.06975332068311195,22697,1
0.05222011385199241,22698,1
0.07324478178368121,22699,1
0.012827324478178368,22704,1
0.022922201138519924,22712,1
0.015635673624288426,22713,1
0.016774193548387096,22714,1
0.02140417457305503,22716,1
0.012523719165085389,22718,1
0.09555977229601519,22720,1
0.021328273244781783,22721,1
0.056925996204933584,22722,1
0.021100569259962048,22723,1
0.029753320683111956,22725,1
0.06869070208728653,22726,1
0.07309297912713472,22727,1
0.056091081593927894,22728,1
0.03043643263757116,22729,1
0.04045540796963947,22730,1
0.01077798861480076,22731,1
0.01396584440227704,22732,1
0.014573055028462997,22733,1
0.030056925996204933,22734,1
0.01647058823529412,22736,1
0.018975332068311195,22737,1
0.0203415559772296,22738,1
0.023605313092979127,22739,1
0.012296015180265655,22740,1
0.01715370018975332,22741,1
0.015104364326375712,22743,1
0.012447817836812144,22744,1
0.03096774193548387,22745,1
0.02428842504743833,22746,1
0.01685009487666034,22747,1
0.031726755218216315,22748,1
0.031726755218216315,22749,1
0.02967741935483871,22750,1
0.021100569259962048,22751,1
0.02648956356736243,22752,1
0.016015180265654648,22753,1
0.019886148007590133,22754,1
0.018747628083491463,22755,1
0.012296015180265655,22757,1
0.013358633776091082,22758,1
0.030360531309297913,22759,1
0.03537001897533207,22766,1
0.01555977229601518,22767,1
0.018368121442125237,22768,1
0.030740037950664136,22771,1
0.017988614800759015,22772,1
0.013206831119544592,22773,1
0.01685009487666034,22775,1
0.0342314990512334,22776,1
0.010094876660341557,22779,1
0.015863377609108158,22781,1
0.01950664136622391,22784,1
0.021176470588235293,22791,1
0.014345351043643264,22792,1
0.012144212523719165,22794,1
0.024819734345351042,22795,1
0.016015180265654648,22796,1
0.01889943074003795,22798,1
0.014041745730550285,22800,1
0.014269449715370018,22801,1
0.03286527514231499,22804,1
0.013814041745730551,22805,1
0.013814041745730551,22807,1
0.014876660341555978,22809,1
0.011537001897533207,22810,1
0.01351043643263757,22812,1
0.016091081593927893,22813,1
0.01776091081593928,22814,1
0.020037950664136623,22815,1
0.018975332068311195,22816,1
0.02170777988614801,22817,1
0.017685009487666034,22818,1
0.0203415559772296,22819,1
0.010018975332068311,22821,1
0.010094876660341557,22822,1
0.02535104364326376,22834,1
0.044781783681214424,22835,1
0.011688804554079696,22837,1
0.010853889943074005,22838,1
0.013586337760910816,22839,1
0.01829222011385199,22840,1
0.014345351043643264,22841,1
0.011081593927893738,22842,1
0.028159392789373815,22844,1
0.02208728652751423,22845,1
0.01791271347248577,22846,1
0.023453510436432637,22847,1
0.025047438330170778,22851,1
0.011233396584440229,22854,1
0.01631878557874763,22855,1
0.011081593927893738,22859,1
0.04660341555977229,22865,1
0.03908918406072106,22866,1
0.039620493358633775,22867,1
0.011233396584440229,22890,1
0.011764705882352941,22891,1
0.01411764705882353,22892,1
0.010398481973434535,22893,1
0.020569259962049335,22895,1
0.02079696394686907,22896,1
0.015256166982922202,22897,1
0.02664136622390892,22898,1
0.022466793168880457,22899,1
0.036736242884250474,22900,1
0.020113851992409868,22904,1
0.0181404174573055,22906,1
0.04842504743833017,22907,1
0.027628083491461102,22908,1
0.04409867172675522,22909,1
0.05821631878557875,22910,1
0.010929791271347248,22914,1
0.013434535104364327,22915,1
0.0174573055028463,22916,1
0.017836812144212524,22917,1
0.017685009487666034,22918,1
0.01776091081593928,22919,1
0.017836812144212524,22920,1
0.01555977229601518,22921,1
0.01222011385199241,22925,1
0.012599620493358634,22926,1
0.013282732447817837,22930,1
0.01077798861480076,22937,1
0.012979127134724858,22938,1
0.023377609108159392,22940,1
0.021024667931688803,22941,1
0.0101707779886148,22942,1
0.014573055028462997,22943,1
0.012371916508538899,22945,1
0.0101707779886148,22948,1
0.01351043643263757,22950,1
0.0327134724857685,22951,1
0.044933586337760914,22952,1
0.014345351043643264,22956,1
0.01411764705882353,22957,1
0.01032258064516129,22959,1
0.08098671726755219,22960,1
0.08182163187855787,22961,1
0.024212523719165085,22962,1
0.02170777988614801,22963,1
0.02732447817836812,22964,1
0.017077798861480076,22965,1
0.04827324478178368,22966,1
0.012447817836812144,22968,1
0.044933586337760914,22969,1
0.02208728652751423,22970,1
0.01905123339658444,22971,1
0.01669829222011385,22972,1
0.01062618595825427,22973,1
0.015104364326375712,22974,1
0.013738140417457306,22975,1
0.01062618595825427,22976,1
0.010094876660341557,22977,1
0.016774193548387096,22978,1
0.026944971537001896,22979,1
0.0203415559772296,22980,1
0.014724857685009488,22982,1
0.03316888045540797,22983,1
0.01222011385199241,22984,1
0.011233396584440229,22986,1
0.02952561669829222,22988,1
0.02648956356736243,22989,1
0.011461100569259962,22990,1
0.02026565464895636,22991,1
0.024971537001897533,22992,1
0.07673624288425047,22993,1
0.01647058823529412,22994,1
0.01950664136622391,22995,1
0.02967741935483871,22996,1
0.016394686907020874,22997,1
0.03886148007590133,22998,1
0.016166982922201138,22999,1
0.020417457305502845,23000,1
0.013814041745730551,23002,1
0.016394686907020874,23004,1
0.017381404174573054,23005,1
0.012827324478178368,23006,1
0.012751423149905123,23007,1
0.016774193548387096,23012,1
0.015180265654648957,23013,1
0.014041745730550285,23014,1
0.010702087286527514,23029,1
0.01062618595825427,23031,1
0.012903225806451613,23032,1
0.012903225806451613,23035,1
0.012296015180265655,23049,1
0.012599620493358634,23050,1
0.010246679316888045,23051,1
0.017533206831119544,23052,1
0.010398481973434535,23053,1
0.020037950664136623,23076,1
0.024516129032258065,23077,1
0.018595825426944972,23078,1
0.01760910815939279,23080,1
0.020113851992409868,23082,1
0.017077798861480076,23083,1
0.06216318785578748,23084,1
0.015635673624288426,23089,1
0.010929791271347248,23090,1
0.013889943074003794,23091,1
0.010853889943074005,23096,1
0.01905123339658444,23100,1
0.01571157495256167,23101,1
0.011233396584440229,23102,1
0.02603415559772296,23103,1
0.02573055028462998,23108,1
0.01829222011385199,23109,1
0.01669829222011385,23110,1
0.01669829222011385,23112,1
0.017836812144212524,23118,1
0.010246679316888045,23119,1
0.0203415559772296,23126,1
0.01351043643263757,23127,1
0.01206831119544592,23129,1
0.012903225806451613,23130,1
0.01062618595825427,23132,1
0.01062618595825427,23133,1
0.018368121442125237,23144,1
0.011081593927893738,23145,1
0.015787476280834916,23146,1
0.0181404174573055,23147,1
0.017533206831119544,23148,1
0.011005692599620493,23152,1
0.016925996204933586,23154,1
0.015028462998102466,23156,1
0.011916508538899431,23157,1
0.018519924098671727,23158,1
0.016394686907020874,23159,1
0.012371916508538899,23162,1
0.014421252371916509,23163,1
0.019658444022770397,23165,1
0.017077798861480076,23166,1
0.015863377609108158,23167,1
0.02398481973434535,23168,1
0.02155597722960152,23169,1
0.0313472485768501,23170,1
0.026869070208728654,23171,1
0.02178368121442125,23172,1
0.028918406072106263,23173,1
0.022618595825426944,23174,1
0.022466793168880457,23175,1
0.016015180265654648,23176,1
0.01905123339658444,23177,1
0.03210626185958254,23182,1
0.01905123339658444,23184,1
0.022922201138519924,23188,1
0.013889943074003794,23190,1
0.02064516129032258,23191,1
0.02444022770398482,23192,1
0.012827324478178368,23193,1
0.015180265654648957,23194,1
0.021328273244781783,23196,1
0.01791271347248577,23197,1
0.03400379506641366,23198,1
0.06944971537001897,23199,1
0.04280834914611006,23200,1
0.06406072106261859,23201,1
0.06223908918406072,23202,1
0.08705882352941176,23203,1
0.04250474383301708,23204,1
0.03407969639468691,23205,1
0.07445920303605313,23206,1
0.05351043643263757,23207,1
0.04872865275142315,23208,1
0.0793168880455408,23209,1
0.014193548387096775,23210,1
0.011612903225806452,23211,1
0.013282732447817837,23212,1
0.011005692599620493,23213,1
0.014876660341555978,23215,1
0.010853889943074005,23221,1
0.018368121442125237,23229,1
0.01715370018975332,23230,1
0.018975332068311195,23231,1
0.017685009487666034,23232,1
0.011612903225806452,23233,1
0.020113851992409868,23234,1
0.023377609108159392,23236,1
0.01206831119544592,23237,1
0.019810246679316888,23238,1
0.012523719165085389,23239,1
0.037343453510436435,23240,1
0.026185958254269448,23241,1
0.015180265654648957,23242,1
0.03286527514231499,23243,1
0.06079696394686907,23245,1
0.0225426944971537,23247,1
0.021480075901328274,23254,1
0.011461100569259962,23255,1
0.02633776091081594,23256,1
0.0327134724857685,23263,1
0.021859582542694496,23264,1
0.021328273244781783,23265,1
0.023301707779886147,23266,1
0.023225806451612905,23275,1
0.010929791271347248,23280,1
0.014876660341555978,23283,1
0.04584440227703985,23284,1
0.01351043643263757,23285,1
0.015787476280834916,23286,1
0.01411764705882353,23287,1
0.013130929791271347,23288,1
0.01411764705882353,23289,1
0.016015180265654648,23290,1
0.014193548387096775,23291,1
0.016394686907020874,23292,1
0.039316888045540795,23293,1
0.024971537001897533,23294,1
0.03142314990512334,23295,1
0.02702087286527514,23296,1
0.011385199240986717,23297,1
0.07817836812144212,23298,1
0.0101707779886148,23299,1
0.05388994307400379,23300,1
0.06497153700189753,23301,1
0.016925996204933586,23302,1
0.019582542694497152,23306,1
0.04569259962049336,23307,1
0.028311195445920305,23308,1
0.0298292220113852,23309,1
0.01776091081593928,23310,1
0.024667931688804556,23311,1
0.015332068311195445,23312,1
0.027628083491461102,23313,1
0.02732447817836812,23318,1
0.028994307400379508,23319,1
0.023833017077798863,23320,1
0.04387096774193548,23321,1
0.038633776091081595,23322,1
0.02064516129032258,23323,1
0.02823529411764706,23328,1
0.016242884250474383,23329,1
0.015483870967741935,23330,1
0.019886148007590133,23332,1
0.01669829222011385,23333,1
0.011233396584440229,23340,1
0.011461100569259962,23342,1
0.03415559772296015,23343,1
0.05032258064516129,23344,1
0.013130929791271347,23345,1
0.013814041745730551,23346,1
0.011764705882352941,23348,1
0.024667931688804556,23349,1
0.02223908918406072,23350,1
0.025806451612903226,23351,1
0.015483870967741935,23352,1
0.02444022770398482,23353,1
0.023833017077798863,23354,1
0.05282732447817837,23355,1
0.03324478178368121,23356,1
0.012523719165085389,23365,1
0.014421252371916509,23366,1
0.020721062618595826,23367,1
0.017077798861480076,23368,1
0.011081593927893738,23370,1
0.013814041745730551,23371,1
0.010929791271347248,23372,1
0.011612903225806452,23376,1
0.012827324478178368,23378,1
0.015028462998102466,23382,1
0.011233396584440229,23388,1
0.016925996204933586,23389,1
0.011916508538899431,23390,1
0.01540796963946869,23393,1
0.010398481973434535,23394,1
0.014573055028462997,23395,1
0.013206831119544592,23396,1
0.014952561669829221,23397,1
0.016242884250474383,23399,1
0.011461100569259962,23404,1
0.014952561669829221,23426,1
0.014421252371916509,23434,1
0.028614800759013282,23439,1
0.014041745730550285,23480,1
0.01047438330170778,23489,1
0.030512333965844404,23493,1
0.014269449715370018,23494,1
0.012903225806451613,23497,1
0.022922201138519924,23503,1
0.014800759013282733,23504,1
0.01032258064516129,23506,1
0.017229601518026567,23534,1
0.014648956356736242,23535,1
0.01047438330170778,23541,1
0.010018975332068311,23551,1
0.012751423149905123,23569,1
0.01920303605313093,23570,1
0.01806451612903226,23571,1
0.02314990512333966,23581,1
0.017836812144212524,23582,1
0.022770398481973434,23583,1
0.01631878557874763,35471D,1
0.017836812144212524,35961,1
0.03286527514231499,35970,1
0.010018975332068311,37340,1
0.011233396584440229,37370,1
0.012979127134724858,37446,1
0.013055028462998103,37448,1
0.010550284629981024,46000S,1
0.011612903225806452,47503A,1
0.014952561669829221,47504K,1
0.020721062618595826,47559B,1
0.1111954459203036,47566,1
0.02459203036053131,47566B,1
0.02588235294117647,47590A,1
0.026261859582542693,47590B,1
0.03142314990512334,47591D,1
0.018444022770398482,47593B,1
0.011157495256166983,47599A,1
0.015332068311195445,48111,1
0.013282732447817837,48116,1
0.013738140417457306,48129,1
0.039924098671726756,48138,1
0.011992409867172675,48173C,1
0.027248576850094876,48184,1
0.02428842504743833,48185,1
0.04015180265654649,48187,1
0.019430740037950665,48188,1
0.03939278937381404,48194,1
0.0174573055028463,51014A,1
0.012903225806451613,51014C,1
0.011005692599620493,51014L,1
0.02299810246679317,71053,1
0.02922201138519924,71459,1
0.02125237191650854,71477,1
0.010702087286527514,72351A,1
0.012751423149905123,72351B,1
0.018368121442125237,72741,1
0.010018975332068311,72800E,1
0.01077798861480076,72807C,1
0.011916508538899431,72817,1
0.01366223908918406,75049L,1
0.01047438330170778,79066K,1
0.04341555977229602,79321,1
0.0764326375711575,82482,1
0.03696394686907021,82483,1
0.04523719165085389,82484,1
0.04,82486,1
0.06079696394686907,82494L,1
0.025806451612903226,82551,1
0.02648956356736243,82552,1
0.02178368121442125,82567,1
0.02193548387096774,82578,1
0.045920303605313094,82580,1
0.029601518026565465,82581,1
0.03165085388994308,82582,1
0.044629981024667933,82583,1
0.010246679316888045,82599,1
0.03969639468690702,82600,1
0.02952561669829222,84029E,1
0.03240986717267552,84029G,1
0.024212523719165085,84030E,1
0.012371916508538899,84031A,1
0.010853889943074005,84031B,1
0.023377609108159392,84032A,1
0.01889943074003795,84032B,1
0.017988614800759015,84050,1
0.03924098671726755,84077,1
0.032030360531309296,84347,1
0.03764705882352941,84375,1
0.049259962049335866,84378,1
0.049943074003795065,84380,1
0.0203415559772296,84406B,1
0.01700189753320683,84509A,1
0.017685009487666034,84510A,1
0.011612903225806452,84535B,1
0.02535104364326376,84536A,1
0.013055028462998103,84536B,1
0.010929791271347248,84568,1
0.011764705882352941,84580,1
0.038937381404174576,84596B,1
0.032182163187855786,84596F,1
0.018444022770398482,84596G,1
0.012903225806451613,84596L,1
0.04280834914611006,84692,1
0.04311195445920304,84755,1
0.016774193548387096,84792,1
0.013586337760910816,84828,1
0.01889943074003795,84832,1
0.03764705882352941,84836,1
0.0974573055028463,84879,1
0.011916508538899431,84912B,1
0.02208728652751423,84945,1
0.05730550284629981,84946,1
0.020569259962049335,84947,1
0.01889943074003795,84949,1
0.015483870967741935,84969,1
0.031726755218216315,84970L,1
0.0371157495256167,84970S,1
0.012827324478178368,84971S,1
0.049108159392789376,84978,1
0.024667931688804556,84987,1
0.036053130929791274,84988,1
0.06110056925996205,84991,1
0.045768500948766604,84992,1
0.01829222011385199,84997A,1
0.02664136622390892,84997B,1
0.023529411764705882,84997C,1
0.03392789373814042,84997D,1
0.01905123339658444,85014A,1
0.024212523719165085,85014B,1
0.010094876660341557,85015,1
0.011688804554079696,85017B,1
0.010094876660341557,85032A,1
0.010246679316888045,85032C,1
0.011537001897533207,85034C,1
0.010018975332068311,85038,1
0.011992409867172675,85039A,1
0.012751423149905123,85039B,1
0.011840607210626186,85040A,1
0.016774193548387096,85048,1
0.023225806451612905,85049A,1
0.016546489563567364,85049C,1
0.029905123339658442,85049E,1
0.018747628083491463,85049G,1
0.013889943074003794,85049H,1
0.022466793168880457,85053,1
0.011385199240986717,85061W,1
0.011157495256166983,85062,1
0.03377609108159393,85066,1
0.14671726755218217,85099B,1
0.06588235294117648,85099C,1
0.05791271347248577,85099F,1
0.1433776091081594,85123A,1
0.012903225806451613,85131B,1
0.01555977229601518,85131D,1
0.015104364326375712,85132C,1
0.03468690702087286,85150,1
0.048197343453510434,85152,1
0.011461100569259962,85174,1
0.01047438330170778,85175,1
0.01267552182163188,85176,1
0.010018975332068311,85178,1
0.014041745730550285,85184C,1
0.01920303605313093,85199S,1
0.016546489563567364,85227,1
0.011081593927893738,85231B,1
0.051233396584440226,DOT,1
0.010018975332068311,"15036, 20725",2
0.010094876660341557,"21212, 15036",2
0.010094876660341557,"22423, 15036",2
0.011385199240986717,"15036, 22697",2
0.011537001897533207,"15036, 47566",2
0.01222011385199241,"85099B, 15036",2
0.011461100569259962,"15036, 85123A",2
0.014573055028462997,"15036, DOT",2
0.011157495256166983,"15056N, 15056BL",2
0.010853889943074005,"20676, 20674",2
0.012751423149905123,"20676, 20675",2
0.015483870967741935,"20677, 20675",2
0.011157495256166983,"20675, 21238",2
0.01062618595825427,"20675, 21239",2
0.012371916508538899,"20675, 21240",2
0.011537001897533207,"20677, 20676",2
0.011916508538899431,"20676, 21238",2
0.011081593927893738,"21242, 20676",2
0.01206831119544592,"85099B, 20676",2
0.010018975332068311,"20676, DOT",2
0.010094876660341557,"21212, 20677",2
0.012447817836812144,"20677, 21239",2
0.010929791271347248,"20677, 21240",2
0.01032258064516129,"20677, 21243",2
0.01062618595825427,"20685, 48138",2
0.010398481973434535,"20685, 48187",2
0.01077798861480076,"20685, 48194",2
0.01555977229601518,"85099B, 20685",2
0.011005692599620493,"85123A, 20685",2
0.02170777988614801,"20711, 20712",2
0.012599620493358634,"20711, 20713",2
0.01062618595825427,"21731, 20711",2
0.014952561669829221,"20711, 21928",2
0.014041745730550285,"20711, 21929",2
0.012827324478178368,"20711, 21930",2
0.022314990512333967,"20711, 21931",2
0.010018975332068311,"20711, 22197",2
0.013206831119544592,"20711, 22379",2
0.014497153700189754,"20711, 22385",2
0.021176470588235293,"20711, 22386",2
0.020037950664136623,"20711, 22411",2
0.012827324478178368,"20711, 23199",2
0.010246679316888045,"20711, 23201",2
0.02557874762808349,"20711, 85099B",2
0.015863377609108158,"20711, 85099C",2
0.0203415559772296,"20711, DOT",2
0.021328273244781783,"20712, 20713",2
0.011688804554079696,"20712, 20718",2
0.017305502846299812,"20712, 20719",2
0.011233396584440229,"20723, 20712",2
0.015180265654648957,"20712, 20724",2
0.01806451612903226,"20712, 20725",2
0.017836812144212524,"20726, 20712",2
0.013434535104364327,"20727, 20712",2
0.012599620493358634,"20712, 20728",2
0.01032258064516129,"20712, 21033",2
0.013282732447817837,"20712, 21080",2
0.010853889943074005,"21212, 20712",2
0.011992409867172675,"21232, 20712",2
0.010094876660341557,"21430, 20712",2
0.017077798861480076,"21731, 20712",2
0.020569259962049335,"20712, 21928",2
0.02079696394686907,"20712, 21929",2
0.020721062618595826,"21930, 20712",2
0.03377609108159393,"21931, 20712",2
0.010094876660341557,"21934, 20712",2
0.01411764705882353,"20712, 21935",2
0.01032258064516129,"21977, 20712",2
0.010853889943074005,"22077, 20712",2
0.011157495256166983,"22090, 20712",2
0.010018975332068311,"20712, 22139",2
0.01647058823529412,"22197, 20712",2
0.01032258064516129,"22326, 20712",2
0.013738140417457306,"22355, 20712",2
0.01206831119544592,"22356, 20712",2
0.020569259962049335,"22379, 20712",2
0.011916508538899431,"22381, 20712",2
0.011992409867172675,"22382, 20712",2
0.015332068311195445,"22383, 20712",2
0.012903225806451613,"22384, 20712",2
0.02193548387096774,"22385, 20712",2
0.03225806451612903,"20712, 22386",2
0.029449715370018975,"20712, 22411",2
0.011233396584440229,"22423, 20712",2
0.013130929791271347,"20712, 22457",2
0.01047438330170778,"22469, 20712",2
0.01032258064516129,"20712, 22502",2
0.012599620493358634,"22629, 20712",2
0.01351043643263757,"22630, 20712",2
0.013055028462998103,"22663, 20712",2
0.011233396584440229,"20712, 22666",2
0.01351043643263757,"20712, 22697",2
0.010398481973434535,"22698, 20712",2
0.01222011385199241,"22699, 20712",2
0.011764705882352941,"20712, 22720",2
0.011537001897533207,"20712, 22960",2
0.014041745730550285,"22961, 20712",2
0.011537001897533207,"22993, 20712",2
0.01047438330170778,"20712, 23084",2
0.022770398481973434,"20712, 23199",2
0.012144212523719165,"23200, 20712",2
0.015028462998102466,"23201, 20712",2
0.011992409867172675,"23202, 20712",2
0.016242884250474383,"20712, 23203",2
0.011840607210626186,"20712, 23206",2
0.013586337760910816,"20712, 82482",2
0.011612903225806452,"20712, 82580",2
0.039772296015180265,"85099B, 20712",2
0.0225426944971537,"20712, 85099C",2
0.016091081593927893,"20712, 85099F",2
0.012144212523719165,"85123A, 20712",2
0.027096774193548386,"20712, DOT",2
0.010398481973434535,"20719, 20713",2
0.012296015180265655,"20724, 20713",2
0.015787476280834916,"20725, 20713",2
0.010398481973434535,"20726, 20713",2
0.011764705882352941,"20727, 20713",2
0.010550284629981024,"20728, 20713",2
0.012371916508538899,"21731, 20713",2
0.017077798861480076,"21928, 20713",2
0.013434535104364327,"21929, 20713",2
0.014800759013282733,"21930, 20713",2
0.023757115749525617,"21931, 20713",2
0.011385199240986717,"21935, 20713",2
0.011309297912713472,"22197, 20713",2
0.01077798861480076,"22355, 20713",2
0.01047438330170778,"22356, 20713",2
0.015028462998102466,"22379, 20713",2
0.013738140417457306,"22383, 20713",2
0.01062618595825427,"22384, 20713",2
0.014497153700189754,"22385, 20713",2
0.02064516129032258,"22386, 20713",2
0.019582542694497152,"22411, 20713",2
0.010398481973434535,"22666, 20713",2
0.010094876660341557,"22697, 20713",2
0.010929791271347248,"22720, 20713",2
0.01062618595825427,"22960, 20713",2
0.01206831119544592,"22961, 20713",2
0.015635673624288426,"23199, 20713",2
0.01032258064516129,"23200, 20713",2
0.012827324478178368,"23201, 20713",2
0.010018975332068311,"23202, 20713",2
0.011461100569259962,"23203, 20713",2
0.029146110056925995,"85099B, 20713",2
0.01920303605313093,"85099C, 20713",2
0.014421252371916509,"85099F, 20713",2
0.018823529411764704,"DOT, 20713",2
0.015332068311195445,"20717, 20718",2
0.010246679316888045,"20717, 20724",2
0.011461100569259962,"20717, 21931",2
0.01077798861480076,"20717, 22411",2
0.014573055028462997,"20717, 85099B",2
0.011916508538899431,"20717, DOT",2
0.010018975332068311,"20719, 20718",2
0.01411764705882353,"20724, 20718",2
0.014497153700189754,"20718, 20725",2
0.010929791271347248,"20727, 20718",2
0.0101707779886148,"21212, 20718",2
0.010702087286527514,"20718, 21928",2
0.01077798861480076,"20718, 21929",2
0.010550284629981024,"21930, 20718",2
0.014724857685009488,"21931, 20718",2
0.010702087286527514,"20718, 21935",2
0.012144212523719165,"22379, 20718",2
0.012599620493358634,"20718, 22386",2
0.013814041745730551,"20718, 22411",2
0.01047438330170778,"22961, 20718",2
0.010702087286527514,"20718, 23199",2
0.021480075901328274,"85099B, 20718",2
0.011005692599620493,"20718, 85099C",2
0.013738140417457306,"20718, DOT",2
0.030512333965844404,"20723, 20719",2
0.037722960151802654,"20724, 20719",2
0.023225806451612905,"20719, 20725",2
0.020872865275142316,"20726, 20719",2
0.021480075901328274,"20727, 20719",2
0.019886148007590133,"20719, 20728",2
0.01047438330170778,"20719, 21080",2
0.011764705882352941,"21154, 20719",2
0.010246679316888045,"21155, 20719",2
0.021100569259962048,"21212, 20719",2
0.012903225806451613,"21213, 20719",2
0.013814041745730551,"21232, 20719",2
0.01571157495256167,"21731, 20719",2
0.011081593927893738,"21790, 20719",2
0.013282732447817837,"20719, 21929",2
0.011081593927893738,"21930, 20719",2
0.017077798861480076,"21931, 20719",2
0.014573055028462997,"21934, 20719",2
0.013358633776091082,"20719, 21935",2
0.010550284629981024,"21977, 20719",2
0.010246679316888045,"20719, 21990",2
0.011309297912713472,"21992, 20719",2
0.011005692599620493,"21993, 20719",2
0.012371916508538899,"22077, 20719",2
0.01077798861480076,"22086, 20719",2
0.010702087286527514,"22112, 20719",2
0.010246679316888045,"20719, 22178",2
0.017533206831119544,"22197, 20719",2
0.015332068311195445,"22326, 20719",2
0.010929791271347248,"20719, 22328",2
0.03400379506641366,"22355, 20719",2
0.02967741935483871,"22356, 20719",2
0.013889943074003794,"22379, 20719",2
0.01760910815939279,"22382, 20719",2
0.02064516129032258,"22383, 20719",2
0.014800759013282733,"22384, 20719",2
0.013206831119544592,"20719, 22386",2
0.013206831119544592,"20719, 22411",2
0.010094876660341557,"20719, 22417",2
0.019734345351043642,"22423, 20719",2
0.011688804554079696,"20719, 22457",2
0.011992409867172675,"20719, 22554",2
0.01077798861480076,"22630, 20719",2
0.0101707779886148,"22631, 20719",2
0.015787476280834916,"20719, 22661",2
0.014800759013282733,"20719, 22666",2
0.011385199240986717,"20719, 22697",2
0.010398481973434535,"22699, 20719",2
0.011461100569259962,"20719, 22720",2
0.01396584440227704,"22726, 20719",2
0.012751423149905123,"22727, 20719",2
0.011005692599620493,"22728, 20719",2
0.010398481973434535,"20719, 22835",2
0.012599620493358634,"20719, 22960",2
0.013358633776091082,"22961, 20719",2
0.011461100569259962,"22993, 20719",2
0.01351043643263757,"20719, 23199",2
0.010398481973434535,"23200, 20719",2
0.01062618595825427,"23201, 20719",2
0.013814041745730551,"20719, 23203",2
0.02155597722960152,"23204, 20719",2
0.016166982922201138,"23205, 20719",2
0.016925996204933586,"20719, 23206",2
0.0101707779886148,"20719, 23208",2
0.011840607210626186,"23209, 20719",2
0.0101707779886148,"20719, 23298",2
0.0174573055028463,"47566, 20719",2
0.011461100569259962,"79321, 20719",2
0.01047438330170778,"82583, 20719",2
0.010018975332068311,"20719, 84380",2
0.014041745730550285,"84692, 20719",2
0.010702087286527514,"84946, 20719",2
0.013055028462998103,"84991, 20719",2
0.022314990512333967,"85099B, 20719",2
0.011764705882352941,"20719, 85099C",2
0.011992409867172675,"20719, 85099F",2
0.014345351043643264,"85123A, 20719",2
0.016166982922201138,"20719, DOT",2
0.036280834914611,"20723, 20724",2
0.02269449715370019,"20723, 20725",2
0.01700189753320683,"20726, 20723",2
0.02125237191650854,"20723, 20727",2
0.020037950664136623,"20723, 20728",2
0.011081593927893738,"20723, 21154",2
0.019278937381404175,"21212, 20723",2
0.011157495256166983,"21213, 20723",2
0.012447817836812144,"20723, 21232",2
0.012827324478178368,"20723, 21929",2
0.0101707779886148,"20723, 21930",2
0.01396584440227704,"20723, 21931",2
0.011992409867172675,"20723, 21934",2
0.010094876660341557,"20723, 21935",2
0.01062618595825427,"22077, 20723",2
0.010094876660341557,"22112, 20723",2
0.01700189753320683,"20723, 22197",2
0.03081593927893738,"20723, 22355",2
0.02823529411764706,"22356, 20723",2
0.011081593927893738,"22379, 20723",2
0.017685009487666034,"20723, 22382",2
0.01905123339658444,"22383, 20723",2
0.01715370018975332,"20723, 22384",2
0.01267552182163188,"20723, 22386",2
0.011537001897533207,"20723, 22411",2
0.01571157495256167,"22423, 20723",2
0.014041745730550285,"20723, 22661",2
0.013434535104364327,"20723, 22666",2
0.01206831119544592,"20723, 22726",2
0.011840607210626186,"22727, 20723",2
0.01047438330170778,"22961, 20723",2
0.011309297912713472,"20723, 23199",2
0.011385199240986717,"20723, 23203",2
0.01905123339658444,"23204, 20723",2
0.01540796963946869,"23205, 20723",2
0.016546489563567364,"20723, 23206",2
0.010398481973434535,"20723, 23207",2
0.0101707779886148,"20723, 23208",2
0.011385199240986717,"23209, 20723",2
0.01032258064516129,"20723, 23298",2
0.016622390891840606,"20723, 47566",2
0.012903225806451613,"84692, 20723",2
0.011233396584440229,"20723, 84991",2
0.020037950664136623,"85099B, 20723",2
0.014041745730550285,"20723, 85099F",2
0.012447817836812144,"20723, 85123A",2
0.011385199240986717,"20723, DOT",2
0.029753320683111956,"20724, 20725",2
0.019810246679316888,"20726, 20724",2
0.026413662239089183,"20727, 20724",2
0.02299810246679317,"20724, 20728",2
0.010550284629981024,"20724, 20914",2
0.012523719165085389,"20724, 21080",2
0.012523719165085389,"21154, 20724",2
0.011612903225806452,"21155, 20724",2
0.02428842504743833,"21212, 20724",2
0.013055028462998103,"21213, 20724",2
0.015787476280834916,"21232, 20724",2
0.013814041745730551,"21731, 20724",2
0.011233396584440229,"21790, 20724",2
0.011081593927893738,"20724, 21928",2
0.016015180265654648,"20724, 21929",2
0.013889943074003794,"21930, 20724",2
0.021024667931688803,"21931, 20724",2
0.014800759013282733,"21934, 20724",2
0.013738140417457306,"20724, 21935",2
0.01077798861480076,"21977, 20724",2
0.010929791271347248,"21992, 20724",2
0.01206831119544592,"21993, 20724",2
0.013130929791271347,"22077, 20724",2
0.010853889943074005,"22086, 20724",2
0.010018975332068311,"22090, 20724",2
0.011461100569259962,"22112, 20724",2
0.010246679316888045,"20724, 22178",2
0.020189753320683113,"22197, 20724",2
0.012827324478178368,"22326, 20724",2
0.01047438330170778,"20724, 22328",2
0.0377988614800759,"22355, 20724",2
0.03886148007590133,"22356, 20724",2
0.015028462998102466,"22379, 20724",2
0.021859582542694496,"22382, 20724",2
0.02428842504743833,"22383, 20724",2
0.02064516129032258,"22384, 20724",2
0.011081593927893738,"22385, 20724",2
0.01791271347248577,"20724, 22386",2
0.015180265654648957,"20724, 22411",2
0.010018975332068311,"20724, 22417",2
0.01950664136622391,"22423, 20724",2
0.014041745730550285,"20724, 22457",2
0.011309297912713472,"22469, 20724",2
0.011081593927893738,"20724, 22554",2
0.011612903225806452,"22630, 20724",2
0.010550284629981024,"22631, 20724",2
0.017988614800759015,"20724, 22661",2
0.011840607210626186,"22662, 20724",2
0.0174573055028463,"20724, 22666",2
0.012296015180265655,"20724, 22697",2
0.011233396584440229,"22699, 20724",2
0.012599620493358634,"20724, 22720",2
0.013889943074003794,"22726, 20724",2
0.013889943074003794,"22727, 20724",2
0.010398481973434535,"22728, 20724",2
0.010246679316888045,"20724, 22835",2
0.012447817836812144,"20724, 22960",2
0.014193548387096775,"22961, 20724",2
0.011916508538899431,"22993, 20724",2
0.016166982922201138,"20724, 23199",2
0.011461100569259962,"23200, 20724",2
0.012447817836812144,"23201, 20724",2
0.013738140417457306,"23202, 20724",2
0.01760910815939279,"20724, 23203",2
0.02444022770398482,"23204, 20724",2
0.01889943074003795,"23205, 20724",2
0.020569259962049335,"20724, 23206",2
0.01222011385199241,"20724, 23207",2
0.01267552182163188,"20724, 23208",2
0.015939278937381403,"23209, 20724",2
0.013130929791271347,"20724, 23298",2
0.01047438330170778,"20724, 23301",2
0.010018975332068311,"20724, 23307",2
0.01062618595825427,"20724, 23344",2
0.02026565464895636,"47566, 20724",2
0.011385199240986717,"79321, 20724",2
0.010246679316888045,"82482, 20724",2
0.010246679316888045,"20724, 82580",2
0.011612903225806452,"82583, 20724",2
0.010246679316888045,"20724, 84380",2
0.01077798861480076,"20724, 84596B",2
0.010018975332068311,"84596F, 20724",2
0.014193548387096775,"84692, 20724",2
0.010550284629981024,"84946, 20724",2
0.013434535104364327,"84991, 20724",2
0.031878557874762806,"85099B, 20724",2
0.014573055028462997,"20724, 85099C",2
0.016091081593927893,"20724, 85099F",2
0.017229601518026567,"85123A, 20724",2
0.015863377609108158,"20724, DOT",2
0.03908918406072106,"20726, 20725",2
0.04774193548387097,"20727, 20725",2
0.041214421252371916,"20725, 20728",2
0.015939278937381403,"20914, 20725",2
0.016925996204933586,"20725, 21080",2
0.012979127134724858,"21154, 20725",2
0.013130929791271347,"21155, 20725",2
0.010929791271347248,"21175, 20725",2
0.026261859582542693,"21212, 20725",2
0.01571157495256167,"21213, 20725",2
0.014193548387096775,"21232, 20725",2
0.012979127134724858,"21559, 20725",2
0.014041745730550285,"21731, 20725",2
0.012599620493358634,"21790, 20725",2
0.017229601518026567,"20725, 21928",2
0.018444022770398482,"20725, 21929",2
0.015104364326375712,"21930, 20725",2
0.02557874762808349,"21931, 20725",2
0.013130929791271347,"21932, 20725",2
0.012599620493358634,"21933, 20725",2
0.011385199240986717,"21934, 20725",2
0.01222011385199241,"21935, 20725",2
0.01700189753320683,"20725, 21936",2
0.011233396584440229,"21975, 20725",2
0.01267552182163188,"21977, 20725",2
0.011005692599620493,"21992, 20725",2
0.011840607210626186,"21993, 20725",2
0.0101707779886148,"22029, 20725",2
0.012827324478178368,"22077, 20725",2
0.012827324478178368,"22086, 20725",2
0.011612903225806452,"22090, 20725",2
0.011309297912713472,"22112, 20725",2
0.01062618595825427,"22139, 20725",2
0.012599620493358634,"20725, 22178",2
0.022770398481973434,"22197, 20725",2
0.01396584440227704,"22326, 20725",2
0.011764705882352941,"22328, 20725",2
0.011612903225806452,"22352, 20725",2
0.025958254269449716,"22355, 20725",2
0.022922201138519924,"22356, 20725",2
0.011233396584440229,"22367, 20725",2
0.018519924098671727,"22379, 20725",2
0.04159392789373814,"22382, 20725",2
0.048804554079696395,"22383, 20725",2
0.04470588235294118,"22384, 20725",2
0.015787476280834916,"22385, 20725",2
0.024516129032258065,"20725, 22386",2
0.021631878557874764,"22411, 20725",2
0.011233396584440229,"20725, 22417",2
0.02094876660341556,"22423, 20725",2
0.016546489563567364,"20725, 22457",2
0.014648956356736242,"22469, 20725",2
0.010702087286527514,"22470, 20725",2
0.01267552182163188,"22551, 20725",2
0.011157495256166983,"22553, 20725",2
0.013738140417457306,"22554, 20725",2
0.013738140417457306,"22558, 20725",2
0.01647058823529412,"22629, 20725",2
0.015863377609108158,"22630, 20725",2
0.01047438330170778,"22631, 20725",2
0.011537001897533207,"22659, 20725",2
0.011233396584440229,"22661, 20725",2
0.026869070208728654,"22662, 20725",2
0.01032258064516129,"22663, 20725",2
0.01829222011385199,"20725, 22666",2
0.014193548387096775,"20725, 22697",2
0.014421252371916509,"22699, 20725",2
0.01647058823529412,"22720, 20725",2
0.014876660341555978,"22726, 20725",2
0.015256166982922202,"22727, 20725",2
0.011309297912713472,"22728, 20725",2
0.015939278937381403,"22960, 20725",2
0.01685009487666034,"22961, 20725",2
0.015256166982922202,"22993, 20725",2
0.010018975332068311,"20725, 23084",2
0.0203415559772296,"23199, 20725",2
0.01351043643263757,"23200, 20725",2
0.015939278937381403,"23201, 20725",2
0.017685009487666034,"23202, 20725",2
0.02428842504743833,"20725, 23203",2
0.016774193548387096,"23204, 20725",2
0.01351043643263757,"23205, 20725",2
0.036280834914611,"23206, 20725",2
0.023225806451612905,"20725, 23207",2
0.022922201138519924,"20725, 23208",2
0.03445920303605313,"23209, 20725",2
0.010094876660341557,"23245, 20725",2
0.016622390891840606,"20725, 23298",2
0.011309297912713472,"20725, 23300",2
0.012751423149905123,"23301, 20725",2
0.01077798861480076,"23307, 20725",2
0.010929791271347248,"20725, 23344",2
0.02413662239089184,"47566, 20725",2
0.011688804554079696,"79321, 20725",2
0.013358633776091082,"82482, 20725",2
0.011537001897533207,"82580, 20725",2
0.013206831119544592,"82583, 20725",2
0.011385199240986717,"20725, 84378",2
0.010702087286527514,"84380, 20725",2
0.010853889943074005,"20725, 84596B",2
0.013358633776091082,"84692, 20725",2
0.012447817836812144,"84879, 20725",2
0.012144212523719165,"84946, 20725",2
0.010246679316888045,"84978, 20725",2
0.014041745730550285,"84991, 20725",2
0.010398481973434535,"84992, 20725",2
0.04341555977229602,"85099B, 20725",2
0.019582542694497152,"85099C, 20725",2
0.018671726755218217,"20725, 85099F",2
0.024819734345351042,"85123A, 20725",2
0.016925996204933586,"20725, DOT",2
0.0327134724857685,"20726, 20727",2
0.03294117647058824,"20726, 20728",2
0.010929791271347248,"20726, 21080",2
0.015939278937381403,"20726, 21212",2
0.011005692599620493,"20726, 21213",2
0.011461100569259962,"20726, 21731",2
0.010094876660341557,"20726, 21928",2
0.013814041745730551,"20726, 21929",2
0.012523719165085389,"20726, 21930",2
0.017229601518026567,"20726, 21931",2
0.010929791271347248,"20726, 22077",2
0.014041745730550285,"20726, 22197",2
0.016925996204933586,"20726, 22326",2
0.011764705882352941,"20726, 22328",2
0.018444022770398482,"20726, 22355",2
0.015483870967741935,"20726, 22356",2
0.011157495256166983,"20726, 22379",2
0.03552182163187856,"20726, 22382",2
0.03324478178368121,"20726, 22383",2
0.02952561669829222,"20726, 22384",2
0.010929791271347248,"20726, 22385",2
0.015256166982922202,"20726, 22386",2
0.015256166982922202,"20726, 22411",2
0.014648956356736242,"20726, 22423",2
0.011916508538899431,"20726, 22551",2
0.012979127134724858,"20726, 22554",2
0.01411764705882353,"20726, 22629",2
0.013130929791271347,"20726, 22630",2
0.02125237191650854,"20726, 22662",2
0.01366223908918406,"20726, 22666",2
0.01077798861480076,"20726, 22720",2
0.01032258064516129,"20726, 22727",2
0.010094876660341557,"20726, 22960",2
0.0101707779886148,"20726, 22961",2
0.011157495256166983,"20726, 22993",2
0.015483870967741935,"20726, 23199",2
0.011840607210626186,"20726, 23201",2
0.010550284629981024,"20726, 23202",2
0.014800759013282733,"20726, 23203",2
0.012903225806451613,"20726, 23204",2
0.010094876660341557,"20726, 23205",2
0.027096774193548386,"20726, 23206",2
0.018595825426944972,"20726, 23207",2
0.016774193548387096,"20726, 23208",2
0.022163187855787476,"20726, 23209",2
0.01032258064516129,"20726, 23298",2
0.01366223908918406,"20726, 47566",2
0.022011385199240986,"20726, 85099B",2
0.011309297912713472,"20726, 85099C",2
0.011157495256166983,"20726, 85099F",2
0.014800759013282733,"20726, 85123A",2
0.010929791271347248,"20726, DOT",2
0.038785578747628086,"20727, 20728",2
0.011157495256166983,"20727, 20914",2
0.011916508538899431,"20727, 21080",2
0.021176470588235293,"21212, 20727",2
0.015939278937381403,"21213, 20727",2
0.012447817836812144,"21232, 20727",2
0.011537001897533207,"21479, 20727",2
0.010398481973434535,"20727, 21558",2
0.010094876660341557,"20727, 21559",2
0.011385199240986717,"20727, 21928",2
0.01411764705882353,"20727, 21929",2
0.01950664136622391,"21930, 20727",2
0.021176470588235293,"20727, 21931",2
0.012447817836812144,"21934, 20727",2
0.010853889943074005,"20727, 21935",2
0.01077798861480076,"21977, 20727",2
0.010550284629981024,"22086, 20727",2
0.01077798861480076,"22112, 20727",2
0.010094876660341557,"20727, 22178",2
0.019430740037950665,"22197, 20727",2
0.012296015180265655,"22326, 20727",2
0.01222011385199241,"20727, 22327",2
0.01047438330170778,"20727, 22328",2
0.02299810246679317,"22355, 20727",2
0.020569259962049335,"22356, 20727",2
0.013814041745730551,"22379, 20727",2
0.038330170777988615,"22382, 20727",2
0.04303605313092979,"22383, 20727",2
0.040379506641366227,"22384, 20727",2
0.011764705882352941,"22385, 20727",2
0.019278937381404175,"20727, 22386",2
0.016015180265654648,"20727, 22411",2
0.01791271347248577,"22423, 20727",2
0.011992409867172675,"20727, 22457",2
0.011764705882352941,"22469, 20727",2
0.0101707779886148,"22551, 20727",2
0.013586337760910816,"20727, 22553",2
0.011916508538899431,"20727, 22554",2
0.011461100569259962,"22629, 20727",2
0.011157495256166983,"22630, 20727",2
0.02269449715370019,"22662, 20727",2
0.014876660341555978,"20727, 22666",2
0.011081593927893738,"20727, 22720",2
0.01222011385199241,"20727, 22726",2
0.012296015180265655,"22727, 20727",2
0.010246679316888045,"20727, 22960",2
0.010702087286527514,"22961, 20727",2
0.011992409867172675,"22993, 20727",2
0.01700189753320683,"20727, 23199",2
0.012751423149905123,"20727, 23200",2
0.013814041745730551,"23201, 20727",2
0.01540796963946869,"23202, 20727",2
0.020113851992409868,"20727, 23203",2
0.014800759013282733,"23204, 20727",2
0.012751423149905123,"23205, 20727",2
0.030512333965844404,"20727, 23206",2
0.02284629981024668,"20727, 23207",2
0.02178368121442125,"20727, 23208",2
0.028007590132827324,"23209, 20727",2
0.013889943074003794,"20727, 23298",2
0.012447817836812144,"20727, 23301",2
0.01062618595825427,"20727, 23344",2
0.01905123339658444,"20727, 47566",2
0.010246679316888045,"79321, 20727",2
0.0101707779886148,"20727, 82482",2
0.011385199240986717,"84692, 20727",2
0.012447817836812144,"84991, 20727",2
0.02838709677419355,"85099B, 20727",2
0.015939278937381403,"20727, 85099C",2
0.01555977229601518,"20727, 85099F",2
0.019658444022770397,"85123A, 20727",2
0.010702087286527514,"20727, DOT",2
0.017381404174573054,"21212, 20728",2
0.012523719165085389,"21213, 20728",2
0.011233396584440229,"21232, 20728",2
0.01351043643263757,"21929, 20728",2
0.013434535104364327,"21930, 20728",2
0.017988614800759015,"21931, 20728",2
0.01047438330170778,"21934, 20728",2
0.011081593927893738,"22077, 20728",2
0.010398481973434535,"22086, 20728",2
0.010094876660341557,"22112, 20728",2
0.014345351043643264,"22197, 20728",2
0.01206831119544592,"22326, 20728",2
0.011385199240986717,"22328, 20728",2
0.020417457305502845,"22355, 20728",2
0.01905123339658444,"22356, 20728",2
0.010018975332068311,"22367, 20728",2
0.010246679316888045,"22379, 20728",2
0.035901328273244784,"22382, 20728",2
0.039924098671726756,"22383, 20728",2
0.037191650853889945,"22384, 20728",2
0.016774193548387096,"20728, 22386",2
0.01540796963946869,"22411, 20728",2
0.01669829222011385,"22423, 20728",2
0.01077798861480076,"22554, 20728",2
0.010853889943074005,"22629, 20728",2
0.010246679316888045,"22630, 20728",2
0.020569259962049335,"22662, 20728",2
0.013586337760910816,"20728, 22666",2
0.010702087286527514,"22720, 20728",2
0.011005692599620493,"22726, 20728",2
0.011081593927893738,"22727, 20728",2
0.010398481973434535,"22960, 20728",2
0.010094876660341557,"22961, 20728",2
0.011764705882352941,"22993, 20728",2
0.01700189753320683,"23199, 20728",2
0.010929791271347248,"23200, 20728",2
0.01396584440227704,"23201, 20728",2
0.012523719165085389,"23202, 20728",2
0.016242884250474383,"20728, 23203",2
0.013434535104364327,"23204, 20728",2
0.011916508538899431,"23205, 20728",2
0.02732447817836812,"23206, 20728",2
0.020872865275142316,"23207, 20728",2
0.017836812144212524,"20728, 23208",2
0.02223908918406072,"23209, 20728",2
0.014041745730550285,"23298, 20728",2
0.010398481973434535,"23300, 20728",2
0.011309297912713472,"23301, 20728",2
0.01700189753320683,"47566, 20728",2
0.010398481973434535,"79321, 20728",2
0.010929791271347248,"84692, 20728",2
0.011385199240986717,"84991, 20728",2
0.024516129032258065,"85099B, 20728",2
0.013738140417457306,"85099C, 20728",2
0.011461100569259962,"20728, 85099F",2
0.017685009487666034,"85123A, 20728",2
0.012523719165085389,"20733, DOT",2
0.011688804554079696,"20914, 21080",2
0.015787476280834916,"21212, 20914",2
0.010398481973434535,"22077, 20914",2
0.013206831119544592,"22197, 20914",2
0.010094876660341557,"22382, 20914",2
0.010094876660341557,"22383, 20914",2
0.01222011385199241,"22423, 20914",2
0.010094876660341557,"20914, 22457",2
0.010018975332068311,"22469, 20914",2
0.013358633776091082,"22558, 20914",2
0.010094876660341557,"22630, 20914",2
0.013206831119544592,"20914, 22666",2
0.013889943074003794,"20914, 22720",2
0.012523719165085389,"20914, 22960",2
0.012599620493358634,"22961, 20914",2
0.012751423149905123,"22993, 20914",2
0.011916508538899431,"47566, 20914",2
0.010702087286527514,"84991, 20914",2
0.016394686907020874,"85099B, 20914",2
0.01806451612903226,"85123A, 20914",2
0.010246679316888045,"20961, 20963",2
0.01062618595825427,"20970, 20969",2
0.01950664136622391,"20972, 20971",2
0.010246679316888045,"85099B, 20972",2
0.01047438330170778,"85123A, 20972",2
0.010018975332068311,"20973, 20975",2
0.010853889943074005,"20974, 20975",2
0.01206831119544592,"21931, 21033",2
0.011157495256166983,"21033, 22411",2
0.014421252371916509,"85099B, 21033",2
0.014421252371916509,"21033, DOT",2
0.01206831119544592,"85123A, 21034",2
0.012827324478178368,"85099B, 21035",2
0.013434535104364327,"21035, DOT",2
0.011309297912713472,"21078, 21080",2
0.021176470588235293,"21086, 21080",2
0.02664136622390892,"21094, 21080",2
0.010929791271347248,"21210, 21080",2
0.02284629981024668,"21212, 21080",2
0.011764705882352941,"21731, 21080",2
0.011233396584440229,"21080, 21928",2
0.011537001897533207,"21080, 21929",2
0.01411764705882353,"21931, 21080",2
0.010550284629981024,"21935, 21080",2
0.012979127134724858,"21977, 21080",2
0.011385199240986717,"21989, 21080",2
0.0101707779886148,"22077, 21080",2
0.016622390891840606,"22090, 21080",2
0.016015180265654648,"22197, 21080",2
0.01062618595825427,"22355, 21080",2
0.010018975332068311,"22356, 21080",2
0.012447817836812144,"22379, 21080",2
0.010094876660341557,"22382, 21080",2
0.010398481973434535,"22383, 21080",2
0.0101707779886148,"22384, 21080",2
0.013586337760910816,"21080, 22386",2
0.014573055028462997,"22411, 21080",2
0.014269449715370018,"22423, 21080",2
0.011081593927893738,"21080, 22457",2
0.011233396584440229,"22558, 21080",2
0.01047438330170778,"22630, 21080",2
0.011461100569259962,"21080, 22666",2
0.013206831119544592,"21080, 22697",2
0.01206831119544592,"22699, 21080",2
0.012296015180265655,"22720, 21080",2
0.012903225806451613,"22907, 21080",2
0.012296015180265655,"22960, 21080",2
0.014345351043643264,"22961, 21080",2
0.012599620493358634,"22993, 21080",2
0.011992409867172675,"23199, 21080",2
0.015180265654648957,"47566, 21080",2
0.01062618595825427,"82482, 21080",2
0.010018975332068311,"84380, 21080",2
0.012296015180265655,"84991, 21080",2
0.02155597722960152,"85099B, 21080",2
0.011005692599620493,"85099C, 21080",2
0.015028462998102466,"85123A, 21080",2
0.017836812144212524,"21080, DOT",2
0.011461100569259962,"21090, 21084",2
0.024895635673624288,"21094, 21086",2
0.010929791271347248,"21212, 21086",2
0.01062618595825427,"22090, 21086",2
0.010018975332068311,"85099B, 21086",2
0.01047438330170778,"21086, DOT",2
0.013889943074003794,"21212, 21094",2
0.01032258064516129,"21731, 21094",2
0.01396584440227704,"22090, 21094",2
0.011005692599620493,"22197, 21094",2
0.010018975332068311,"22961, 21094",2
0.01032258064516129,"47566, 21094",2
0.013586337760910816,"85099B, 21094",2
0.015256166982922202,"21094, DOT",2
0.010246679316888045,"21116, DOT",2
0.012979127134724858,"21122, 21121",2
0.01077798861480076,"21121, 21124",2
0.013586337760910816,"21122, 21124",2
0.018216318785578747,"84879, 21136",2
0.0101707779886148,"21155, 21154",2
0.01555977229601518,"21212, 21154",2
0.010929791271347248,"22197, 21154",2
0.011688804554079696,"22355, 21154",2
0.011309297912713472,"22356, 21154",2
0.012296015180265655,"22423, 21154",2
0.011157495256166983,"21154, 22666",2
0.01222011385199241,"21154, 47566",2
0.010094876660341557,"84692, 21154",2
0.012903225806451613,"21212, 21155",2
0.010398481973434535,"21155, 22355",2
0.010550284629981024,"21155, 22423",2
0.011385199240986717,"21155, 47566",2
0.012296015180265655,"21156, 22367",2
0.011764705882352941,"21165, 21166",2
0.01396584440227704,"21175, 21165",2
0.011612903225806452,"21165, 21181",2
0.010246679316888045,"85123A, 21165",2
0.011840607210626186,"85152, 21165",2
0.012371916508538899,"21169, 21166",2
0.012371916508538899,"21174, 21166",2
0.024212523719165085,"21175, 21166",2
0.02193548387096774,"21181, 21166",2
0.011840607210626186,"21908, 21166",2
0.011233396584440229,"22413, 21166",2
0.010550284629981024,"22423, 21166",2
0.014269449715370018,"82583, 21166",2
0.013206831119544592,"82600, 21166",2
0.011916508538899431,"85099B, 21166",2
0.01396584440227704,"85123A, 21166",2
0.012751423149905123,"85150, 21166",2
0.021328273244781783,"85152, 21166",2
0.012599620493358634,"21175, 21169",2
0.014421252371916509,"21169, 21181",2
0.010702087286527514,"85152, 21169",2
0.010018975332068311,"85099B, 21172",2
0.013055028462998103,"21175, 21174",2
0.011688804554079696,"21174, 21181",2
0.01062618595825427,"21174, 22666",2
0.014269449715370018,"85099B, 21174",2
0.012523719165085389,"85123A, 21174",2
0.011612903225806452,"85152, 21174",2
0.012296015180265655,"21174, DOT",2
0.02178368121442125,"21175, 21181",2
0.011157495256166983,"21175, 21907",2
0.014269449715370018,"21175, 21908",2
0.01047438330170778,"21175, 22197",2
0.013206831119544592,"21175, 22413",2
0.012144212523719165,"21175, 22423",2
0.0101707779886148,"21175, 22469",2
0.01062618595825427,"21175, 22666",2
0.011081593927893738,"21175, 82582",2
0.012599620493358634,"21175, 82583",2
0.014497153700189754,"21175, 82600",2
0.01351043643263757,"21175, 85099B",2
0.016242884250474383,"21175, 85123A",2
0.012599620493358634,"21175, 85150",2
0.021328273244781783,"21175, 85152",2
0.010246679316888045,"21908, 21181",2
0.010702087286527514,"22197, 21181",2
0.01062618595825427,"21181, 22386",2
0.0101707779886148,"22411, 21181",2
0.01047438330170778,"82580, 21181",2
0.012144212523719165,"82583, 21181",2
0.014573055028462997,"82600, 21181",2
0.016546489563567364,"85099B, 21181",2
0.015028462998102466,"85123A, 21181",2
0.017305502846299812,"85150, 21181",2
0.018595825426944972,"85152, 21181",2
0.011157495256166983,"21181, DOT",2
0.014800759013282733,"21212, 21210",2
0.027855787476280834,"21212, 21213",2
0.011081593927893738,"21212, 21231",2
0.016622390891840606,"21212, 21232",2
0.01047438330170778,"21212, 21238",2
0.011081593927893738,"21212, 21314",2
0.014421252371916509,"21731, 21212",2
0.013055028462998103,"21790, 21212",2
0.013130929791271347,"21212, 21929",2
0.014497153700189754,"21212, 21931",2
0.012296015180265655,"21212, 21934",2
0.010853889943074005,"21212, 21935",2
0.023833017077798863,"21212, 21975",2
0.017533206831119544,"21212, 21976",2
0.03210626185958254,"21212, 21977",2
0.011233396584440229,"21212, 21990",2
0.012447817836812144,"21212, 21992",2
0.012371916508538899,"21993, 21212",2
0.010018975332068311,"21212, 22029",2
0.017988614800759015,"21212, 22077",2
0.012903225806451613,"21212, 22083",2
0.013358633776091082,"22086, 21212",2
0.013889943074003794,"21212, 22090",2
0.011461100569259962,"22112, 21212",2
0.01206831119544592,"21212, 22138",2
0.010018975332068311,"21212, 22139",2
0.01411764705882353,"21212, 22178",2
0.02284629981024668,"21212, 22197",2
0.0101707779886148,"21212, 22219",2
0.011157495256166983,"21212, 22326",2
0.010853889943074005,"21212, 22348",2
0.020721062618595826,"21212, 22355",2
0.019582542694497152,"22356, 21212",2
0.011081593927893738,"21212, 22367",2
0.013738140417457306,"21212, 22379",2
0.017685009487666034,"21212, 22382",2
0.019127134724857685,"22383, 21212",2
0.015863377609108158,"21212, 22384",2
0.012296015180265655,"21212, 22386",2
0.012827324478178368,"21212, 22411",2
0.022390891840607212,"21212, 22417",2
0.026717267552182164,"21212, 22423",2
0.01631878557874763,"21212, 22457",2
0.012371916508538899,"21212, 22469",2
0.010929791271347248,"21212, 22551",2
0.010550284629981024,"21212, 22553",2
0.01222011385199241,"21212, 22554",2
0.010094876660341557,"21212, 22557",2
0.015939278937381403,"21212, 22558",2
0.011612903225806452,"22629, 21212",2
0.012144212523719165,"21212, 22630",2
0.01047438330170778,"21212, 22631",2
0.020417457305502845,"21212, 22666",2
0.014345351043643264,"21212, 22697",2
0.013814041745730551,"22699, 21212",2
0.018519924098671727,"21212, 22720",2
0.012371916508538899,"21212, 22722",2
0.01631878557874763,"21212, 22726",2
0.016394686907020874,"21212, 22727",2
0.012903225806451613,"21212, 22728",2
0.011309297912713472,"21212, 22835",2
0.012447817836812144,"21212, 22907",2
0.011764705882352941,"21212, 22910",2
0.01829222011385199,"22951, 21212",2
0.012979127134724858,"21212, 22952",2
0.020037950664136623,"21212, 22960",2
0.020569259962049335,"22961, 21212",2
0.013206831119544592,"21212, 22966",2
0.010246679316888045,"21212, 22969",2
0.018823529411764704,"21212, 22993",2
0.011537001897533207,"21212, 23199",2
0.01047438330170778,"21212, 23201",2
0.01062618595825427,"23202, 21212",2
0.013434535104364327,"21212, 23203",2
0.012523719165085389,"21212, 23204",2
0.010702087286527514,"23205, 21212",2
0.014800759013282733,"21212, 23206",2
0.010929791271347248,"21212, 23207",2
0.011157495256166983,"21212, 23209",2
0.01032258064516129,"21212, 23245",2
0.013814041745730551,"21212, 23298",2
0.01077798861480076,"21212, 23301",2
0.01776091081593928,"21212, 23307",2
0.011840607210626186,"23308, 21212",2
0.01206831119544592,"21212, 23309",2
0.022922201138519924,"21212, 47566",2
0.011840607210626186,"21212, 79321",2
0.01032258064516129,"21212, 82580",2
0.01267552182163188,"21212, 82583",2
0.010702087286527514,"21212, 84375",2
0.013814041745730551,"21212, 84378",2
0.015635673624288426,"21212, 84380",2
0.011461100569259962,"21212, 84596B",2
0.017381404174573054,"84692, 21212",2
0.011157495256166983,"21212, 84879",2
0.01206831119544592,"21212, 84946",2
0.010550284629981024,"21212, 84988",2
0.03377609108159393,"21212, 84991",2
0.022770398481973434,"21212, 84992",2
0.024895635673624288,"21212, 85099B",2
0.010550284629981024,"21212, 85099C",2
0.011916508538899431,"21212, 85099F",2
0.020189753320683113,"21212, 85123A",2
0.015939278937381403,"21212, DOT",2
0.01032258064516129,"21213, 21232",2
0.016166982922201138,"21213, 21975",2
0.011005692599620493,"21213, 21976",2
0.015028462998102466,"21213, 21977",2
0.012827324478178368,"21213, 22197",2
0.01366223908918406,"21213, 22355",2
0.01206831119544592,"22356, 21213",2
0.01222011385199241,"21213, 22382",2
0.013206831119544592,"22383, 21213",2
0.010702087286527514,"21213, 22384",2
0.015635673624288426,"21213, 22417",2
0.01222011385199241,"22423, 21213",2
0.010246679316888045,"21213, 22553",2
0.010094876660341557,"22951, 21213",2
0.01062618595825427,"21213, 23206",2
0.01206831119544592,"21213, 47566",2
0.010550284629981024,"84692, 21213",2
0.018747628083491463,"21213, 84991",2
0.01267552182163188,"84992, 21213",2
0.011688804554079696,"85099B, 21213",2
0.013738140417457306,"21216, 21218",2
0.012979127134724858,"21216, 85099B",2
0.01411764705882353,"21216, DOT",2
0.010018975332068311,"21218, 22386",2
0.012979127134724858,"85099B, 21218",2
0.014497153700189754,"21218, DOT",2
0.023833017077798863,"21232, 21231",2
0.010094876660341557,"22197, 21231",2
0.010398481973434535,"22423, 21231",2
0.01032258064516129,"85099B, 21231",2
0.012296015180265655,"85123A, 21231",2
0.010550284629981024,"21231, DOT",2
0.013282732447817837,"21731, 21232",2
0.012751423149905123,"21232, 21931",2
0.011309297912713472,"21232, 21934",2
0.011157495256166983,"21232, 21935",2
0.011612903225806452,"21232, 21977",2
0.011081593927893738,"22077, 21232",2
0.010398481973434535,"21232, 22178",2
0.01555977229601518,"22197, 21232",2
0.014952561669829221,"22355, 21232",2
0.012751423149905123,"22356, 21232",2
0.01222011385199241,"22379, 21232",2
0.011537001897533207,"22383, 21232",2
0.01032258064516129,"21232, 22386",2
0.011916508538899431,"21232, 22411",2
0.01700189753320683,"22423, 21232",2
0.013814041745730551,"21232, 22457",2
0.011688804554079696,"22469, 21232",2
0.01077798861480076,"22630, 21232",2
0.010702087286527514,"22645, 21232",2
0.012296015180265655,"21232, 22646",2
0.015256166982922202,"21232, 22666",2
0.012144212523719165,"21232, 22697",2
0.011157495256166983,"22699, 21232",2
0.013814041745730551,"21232, 22720",2
0.012447817836812144,"21232, 22960",2
0.014345351043643264,"22961, 21232",2
0.011916508538899431,"22993, 21232",2
0.013282732447817837,"21232, 47566",2
0.010018975332068311,"21232, 82580",2
0.0101707779886148,"84946, 21232",2
0.012827324478178368,"21232, 84991",2
0.01715370018975332,"85099B, 21232",2
0.011233396584440229,"21232, 85099C",2
0.01715370018975332,"85123A, 21232",2
0.01647058823529412,"21232, DOT",2
0.013282732447817837,"21238, 21239",2
0.014497153700189754,"21240, 21238",2
0.013206831119544592,"21242, 21238",2
0.015483870967741935,"21240, 21239",2
0.010702087286527514,"21243, 21239",2
0.0101707779886148,"21244, 21240",2
0.010018975332068311,"21993, 21314",2
0.011992409867172675,"21314, 22178",2
0.011081593927893738,"22197, 21314",2
0.013358633776091082,"22423, 21314",2
0.013358633776091082,"21314, 22457",2
0.010853889943074005,"22469, 21314",2
0.01222011385199241,"21314, 22697",2
0.011840607210626186,"22699, 21314",2
0.010853889943074005,"22960, 21314",2
0.011764705882352941,"22961, 21314",2
0.010094876660341557,"47566, 21314",2
0.010853889943074005,"84946, 21314",2
0.013130929791271347,"85099B, 21314",2
0.014800759013282733,"85123A, 21314",2
0.015180265654648957,"21314, DOT",2
0.01077798861480076,"21327, 21329",2
0.01222011385199241,"21329, 21328",2
0.010398481973434535,"85099B, 21328",2
0.011537001897533207,"DOT, 21328",2
0.011309297912713472,"85123A, 21385",2
0.010398481973434535,"21430, 21428",2
0.011385199240986717,"21430, 21931",2
0.012523719165085389,"21430, 22386",2
0.011537001897533207,"21430, 22411",2
0.014041745730550285,"85099B, 21430",2
0.011916508538899431,"21430, DOT",2
0.010550284629981024,"21479, 21481",2
0.010929791271347248,"22086, 21479",2
0.012599620493358634,"21479, 22111",2
0.012903225806451613,"22112, 21479",2
0.01077798861480076,"21479, 22114",2
0.01062618595825427,"21479, 22197",2
0.011081593927893738,"21479, 22835",2
0.01032258064516129,"21479, 84029E",2
0.011688804554079696,"22111, 21481",2
0.010550284629981024,"22112, 21481",2
0.011385199240986717,"22423, 21481",2
0.01032258064516129,"21485, 21484",2
0.0101707779886148,"22111, 21484",2
0.011309297912713472,"22112, 21484",2
0.01062618595825427,"22423, 21484",2
0.01905123339658444,"22111, 21485",2
0.017229601518026567,"22112, 21485",2
0.011157495256166983,"22113, 21485",2
0.010398481973434535,"22114, 21485",2
0.010246679316888045,"22423, 21485",2
0.012827324478178368,"22835, 21485",2
0.010853889943074005,"84029E, 21485",2
0.010853889943074005,"85123A, 21485",2
0.010702087286527514,"21934, 21494",2
0.013055028462998103,"21494, 21935",2
0.011688804554079696,"22197, 21494",2
0.010702087286527514,"22961, 21494",2
0.011916508538899431,"85099B, 21494",2
0.015180265654648957,"21494, DOT",2
0.010550284629981024,"22983, 21506",2
0.010018975332068311,"22029, 21509",2
0.01047438330170778,"21533, 21535",2
0.016925996204933586,"21559, 21558",2
0.012599620493358634,"21558, 22352",2
0.012296015180265655,"85099B, 21558",2
0.010853889943074005,"21558, DOT",2
0.011157495256166983,"21731, 21559",2
0.0101707779886148,"21931, 21559",2
0.011764705882352941,"22197, 21559",2
0.01647058823529412,"21559, 22352",2
0.0101707779886148,"21559, 22386",2
0.01032258064516129,"22629, 21559",2
0.011157495256166983,"22630, 21559",2
0.01396584440227704,"85099B, 21559",2
0.011233396584440229,"21559, DOT",2
0.01077798861480076,"21621, 47566",2
0.018368121442125237,"21669, 21668",2
0.015104364326375712,"21668, 21670",2
0.01715370018975332,"21671, 21668",2
0.017229601518026567,"21668, 21672",2
0.014345351043643264,"21668, 21673",2
0.015635673624288426,"21669, 21670",2
0.01366223908918406,"21671, 21669",2
0.013889943074003794,"21669, 21672",2
0.014269449715370018,"21669, 21673",2
0.015180265654648957,"21671, 21670",2
0.013130929791271347,"21670, 21672",2
0.015180265654648957,"21673, 21670",2
0.015787476280834916,"21671, 21672",2
0.011840607210626186,"21671, 21673",2
0.013206831119544592,"21673, 21672",2
0.013282732447817837,"21731, 21790",2
0.012827324478178368,"21731, 21928",2
0.011309297912713472,"21731, 21929",2
0.010702087286527514,"21731, 21930",2
0.01647058823529412,"21731, 21931",2
0.011916508538899431,"21731, 21934",2
0.014573055028462997,"21731, 21935",2
0.01032258064516129,"21731, 21992",2
0.01062618595825427,"21731, 21993",2
0.01222011385199241,"21731, 22077",2
0.011309297912713472,"21731, 22086",2
0.011764705882352941,"21731, 22090",2
0.011309297912713472,"21731, 22139",2
0.011005692599620493,"21731, 22178",2
0.017229601518026567,"21731, 22197",2
0.01222011385199241,"21731, 22326",2
0.012296015180265655,"21731, 22355",2
0.011309297912713472,"21731, 22356",2
0.014952561669829221,"21731, 22379",2
0.010246679316888045,"21731, 22383",2
0.011005692599620493,"21731, 22385",2
0.015332068311195445,"21731, 22386",2
0.015863377609108158,"21731, 22411",2
0.013358633776091082,"21731, 22423",2
0.012903225806451613,"21731, 22457",2
0.010246679316888045,"21731, 22554",2
0.013206831119544592,"21731, 22629",2
0.014421252371916509,"21731, 22630",2
0.011461100569259962,"21731, 22659",2
0.014041745730550285,"21731, 22666",2
0.015332068311195445,"21731, 22697",2
0.010246679316888045,"21731, 22698",2
0.013889943074003794,"21731, 22699",2
0.013055028462998103,"21731, 22720",2
0.013738140417457306,"21731, 22960",2
0.015787476280834916,"21731, 22961",2
0.012371916508538899,"21731, 22993",2
0.016774193548387096,"21731, 23084",2
0.014041745730550285,"21731, 23199",2
0.011005692599620493,"21731, 23245",2
0.01206831119544592,"21731, 47566",2
0.010246679316888045,"21731, 82482",2
0.010398481973434535,"21731, 82580",2
0.0101707779886148,"21731, 84032A",2
0.01032258064516129,"21731, 84946",2
0.022618595825426944,"21731, 85099B",2
0.012371916508538899,"21731, 85099C",2
0.011612903225806452,"21731, 85123A",2
0.023757115749525617,"21731, DOT",2
0.01206831119544592,"22469, 21733",2
0.011992409867172675,"22470, 21733",2
0.014497153700189754,"21733, 22804",2
0.03286527514231499,"85123A, 21733",2
0.020569259962049335,"21754, 21755",2
0.01062618595825427,"21754, 21756",2
0.010929791271347248,"22423, 21754",2
0.010018975332068311,"22469, 21754",2
0.010929791271347248,"21754, 82482",2
0.011537001897533207,"84879, 21754",2
0.0101707779886148,"85099B, 21754",2
0.018368121442125237,"85123A, 21754",2
0.015939278937381403,"85123A, 21755",2
0.010094876660341557,"21774, DOT",2
0.011081593927893738,"21786, DOT",2
0.025123339658444023,"21790, 21791",2
0.01760910815939279,"21790, 21889",2
0.010246679316888045,"21790, 21891",2
0.012599620493358634,"21790, 21892",2
0.011157495256166983,"21790, 21912",2
0.013206831119544592,"21790, 21914",2
0.01366223908918406,"21790, 21915",2
0.010702087286527514,"21790, 21931",2
0.011612903225806452,"21790, 21935",2
0.010246679316888045,"21790, 21977",2
0.010398481973434535,"21790, 21992",2
0.011081593927893738,"21790, 21993",2
0.011840607210626186,"21790, 22077",2
0.014648956356736242,"22086, 21790",2
0.010094876660341557,"21790, 22139",2
0.012144212523719165,"21790, 22178",2
0.015635673624288426,"21790, 22197",2
0.011916508538899431,"21790, 22355",2
0.010550284629981024,"21790, 22356",2
0.010550284629981024,"21790, 22379",2
0.011157495256166983,"21790, 22411",2
0.012751423149905123,"21790, 22423",2
0.012371916508538899,"21790, 22457",2
0.011309297912713472,"21790, 22469",2
0.011233396584440229,"21790, 22489",2
0.013206831119544592,"21790, 22549",2
0.010094876660341557,"21790, 22619",2
0.013206831119544592,"21790, 22620",2
0.013055028462998103,"21790, 22621",2
0.011005692599620493,"21790, 22630",2
0.012523719165085389,"21790, 22666",2
0.01267552182163188,"21790, 22697",2
0.011612903225806452,"21790, 22699",2
0.012447817836812144,"21790, 22720",2
0.011385199240986717,"21790, 22910",2
0.014497153700189754,"21790, 22960",2
0.015483870967741935,"22961, 21790",2
0.013206831119544592,"21790, 22993",2
0.01032258064516129,"21790, 23245",2
0.01062618595825427,"21790, 23301",2
0.01032258064516129,"21790, 47566",2
0.011688804554079696,"21790, 84946",2
0.016091081593927893,"21790, 85099B",2
0.015332068311195445,"21790, 85123A",2
0.01540796963946869,"21790, DOT",2
0.01206831119544592,"21791, 21889",2
0.01032258064516129,"21791, 21914",2
0.010853889943074005,"21791, 21915",2
0.01077798861480076,"22086, 21791",2
0.011385199240986717,"21791, 22197",2
0.01222011385199241,"21791, 22549",2
0.01047438330170778,"21791, 22620",2
0.010398481973434535,"22961, 21791",2
0.010550284629981024,"21802, 21803",2
0.0101707779886148,"21802, DOT",2
0.011233396584440229,"21803, DOT",2
0.01206831119544592,"21843, 22423",2
0.010018975332068311,"21843, 85099B",2
0.010246679316888045,"85099B, 21876",2
0.01077798861480076,"21876, DOT",2
0.011157495256166983,"21880, DOT",2
0.011840607210626186,"21889, 21914",2
0.011840607210626186,"21915, 21889",2
0.010853889943074005,"22086, 21889",2
0.011005692599620493,"22197, 21889",2
0.01032258064516129,"22960, 21889",2
0.01062618595825427,"22961, 21889",2
0.0101707779886148,"85099B, 21889",2
0.01047438330170778,"85123A, 21889",2
0.010398481973434535,"21889, DOT",2
0.011537001897533207,"21891, 21892",2
0.011233396584440229,"21891, 22620",2
0.013130929791271347,"22620, 21892",2
0.01062618595825427,"22621, 21892",2
0.015104364326375712,"21900, 21899",2
0.013358633776091082,"21901, 21899",2
0.015483870967741935,"21901, 21900",2
0.011081593927893738,"21900, 21902",2
0.010853889943074005,"21900, 85123A",2
0.011840607210626186,"21901, 21902",2
0.010246679316888045,"21908, 85123A",2
0.014041745730550285,"21908, 85152",2
0.02299810246679317,"21915, 21914",2
0.010094876660341557,"22086, 21914",2
0.01077798861480076,"22197, 21914",2
0.010929791271347248,"85123A, 21914",2
0.010550284629981024,"22197, 21915",2
0.028994307400379508,"21929, 21928",2
0.01669829222011385,"21930, 21928",2
0.026717267552182164,"21931, 21928",2
0.011233396584440229,"21935, 21928",2
0.01077798861480076,"22090, 21928",2
0.012371916508538899,"22197, 21928",2
0.014573055028462997,"22379, 21928",2
0.014345351043643264,"22383, 21928",2
0.01222011385199241,"22384, 21928",2
0.016925996204933586,"22385, 21928",2
0.02823529411764706,"21928, 22386",2
0.0298292220113852,"22411, 21928",2
0.011233396584440229,"22457, 21928",2
0.011916508538899431,"22663, 21928",2
0.01077798861480076,"22697, 21928",2
0.010094876660341557,"22720, 21928",2
0.010018975332068311,"22960, 21928",2
0.011764705882352941,"22961, 21928",2
0.018747628083491463,"23199, 21928",2
0.014876660341555978,"23201, 21928",2
0.013206831119544592,"23202, 21928",2
0.017305502846299812,"23203, 21928",2
0.011309297912713472,"47566, 21928",2
0.011233396584440229,"82482, 21928",2
0.039620493358633775,"85099B, 21928",2
0.022390891840607212,"85099C, 21928",2
0.01791271347248577,"85099F, 21928",2
0.011081593927893738,"85123A, 21928",2
0.019658444022770397,"DOT, 21928",2
0.018595825426944972,"21930, 21929",2
0.02732447817836812,"21931, 21929",2
0.010853889943074005,"21934, 21929",2
0.012296015180265655,"21935, 21929",2
0.010246679316888045,"21977, 21929",2
0.011157495256166983,"22077, 21929",2
0.012296015180265655,"22197, 21929",2
0.015028462998102466,"22355, 21929",2
0.012523719165085389,"22356, 21929",2
0.013738140417457306,"22379, 21929",2
0.011385199240986717,"22382, 21929",2
0.014041745730550285,"22383, 21929",2
0.015332068311195445,"22384, 21929",2
0.015332068311195445,"22385, 21929",2
0.02777988614800759,"21929, 22386",2
0.031043643263757116,"22411, 21929",2
0.013738140417457306,"22423, 21929",2
0.011461100569259962,"21929, 22457",2
0.011309297912713472,"22663, 21929",2
0.011461100569259962,"21929, 22666",2
0.011385199240986717,"21929, 22697",2
0.010929791271347248,"22699, 21929",2
0.011764705882352941,"22720, 21929",2
0.011081593927893738,"22960, 21929",2
0.012979127134724858,"22961, 21929",2
0.0101707779886148,"22993, 21929",2
0.01889943074003795,"23199, 21929",2
0.0101707779886148,"23200, 21929",2
0.01555977229601518,"23201, 21929",2
0.015256166982922202,"23202, 21929",2
0.01806451612903226,"21929, 23203",2
0.010550284629981024,"23209, 21929",2
0.015028462998102466,"47566, 21929",2
0.010550284629981024,"82482, 21929",2
0.0101707779886148,"84991, 21929",2
0.03810246679316888,"85099B, 21929",2
0.020189753320683113,"85099C, 21929",2
0.02049335863377609,"21929, 85099F",2
0.013434535104364327,"85123A, 21929",2
0.0174573055028463,"21929, DOT",2
0.02717267552182163,"21930, 21931",2
0.010853889943074005,"21930, 21934",2
0.011461100569259962,"21930, 21935",2
0.010853889943074005,"22197, 21930",2
0.011992409867172675,"22355, 21930",2
0.010398481973434535,"22356, 21930",2
0.014041745730550285,"22379, 21930",2
0.01206831119544592,"22382, 21930",2
0.014345351043643264,"22383, 21930",2
0.014648956356736242,"21930, 22384",2
0.01669829222011385,"22385, 21930",2
0.024895635673624288,"21930, 22386",2
0.02269449715370019,"21930, 22411",2
0.011916508538899431,"22663, 21930",2
0.0101707779886148,"21930, 22720",2
0.0101707779886148,"22961, 21930",2
0.01829222011385199,"21930, 23199",2
0.011081593927893738,"21930, 23200",2
0.014041745730550285,"23201, 21930",2
0.011840607210626186,"23202, 21930",2
0.01540796963946869,"21930, 23203",2
0.010702087286527514,"21930, 23206",2
0.010018975332068311,"23209, 21930",2
0.03096774193548387,"85099B, 21930",2
0.019734345351043642,"21930, 85099C",2
0.015104364326375712,"21930, 85099F",2
0.0101707779886148,"85123A, 21930",2
0.015635673624288426,"21930, DOT",2
0.012371916508538899,"21934, 21931",2
0.017685009487666034,"21931, 21935",2
0.010929791271347248,"21931, 21936",2
0.011537001897533207,"21977, 21931",2
0.012144212523719165,"22077, 21931",2
0.010398481973434535,"22086, 21931",2
0.013738140417457306,"22090, 21931",2
0.01032258064516129,"21931, 22139",2
0.011233396584440229,"21931, 22178",2
0.011081593927893738,"22196, 21931",2
0.02049335863377609,"22197, 21931",2
0.011233396584440229,"22219, 21931",2
0.02094876660341556,"22355, 21931",2
0.016015180265654648,"22356, 21931",2
0.022011385199240986,"22379, 21931",2
0.01267552182163188,"22381, 21931",2
0.01571157495256167,"22382, 21931",2
0.026944971537001896,"22383, 21931",2
0.018368121442125237,"22384, 21931",2
0.025502846299810245,"22385, 21931",2
0.03855787476280835,"21931, 22386",2
0.03908918406072106,"21931, 22411",2
0.01351043643263757,"22423, 21931",2
0.015028462998102466,"21931, 22457",2
0.012296015180265655,"22469, 21931",2
0.011385199240986717,"21931, 22502",2
0.013055028462998103,"22629, 21931",2
0.013814041745730551,"22630, 21931",2
0.011461100569259962,"21931, 22659",2
0.011537001897533207,"22662, 21931",2
0.017305502846299812,"22663, 21931",2
0.014345351043643264,"21931, 22666",2
0.015180265654648957,"21931, 22697",2
0.011309297912713472,"22698, 21931",2
0.014876660341555978,"22699, 21931",2
0.013814041745730551,"21931, 22720",2
0.012523719165085389,"21931, 22960",2
0.015483870967741935,"22961, 21931",2
0.013738140417457306,"22993, 21931",2
0.01032258064516129,"21931, 23084",2
0.010018975332068311,"21931, 23182",2
0.02793168880455408,"21931, 23199",2
0.013738140417457306,"21931, 23200",2
0.02193548387096774,"23201, 21931",2
0.020037950664136623,"23202, 21931",2
0.023377609108159392,"21931, 23203",2
0.011081593927893738,"23204, 21931",2
0.014876660341555978,"21931, 23206",2
0.01206831119544592,"23209, 21931",2
0.011612903225806452,"21931, 23301",2
0.012371916508538899,"21931, 23344",2
0.01411764705882353,"21931, 47566",2
0.015635673624288426,"21931, 82482",2
0.013055028462998103,"21931, 82580",2
0.011157495256166983,"21931, 84380",2
0.011005692599620493,"84988, 21931",2
0.010018975332068311,"84991, 21931",2
0.05343453510436433,"85099B, 21931",2
0.0313472485768501,"21931, 85099C",2
0.0225426944971537,"21931, 85099F",2
0.01829222011385199,"85123A, 21931",2
0.02922201138519924,"21931, DOT",2
0.02064516129032258,"21933, 21932",2
0.010929791271347248,"22383, 21932",2
0.010246679316888045,"21932, 22384",2
0.011005692599620493,"21932, 23199",2
0.01062618595825427,"21932, 23203",2
0.010246679316888045,"21932, 47566",2
0.012751423149905123,"21932, 85099B",2
0.01062618595825427,"21932, 85123A",2
0.0101707779886148,"21932, DOT",2
0.010398481973434535,"22383, 21933",2
0.010094876660341557,"21933, 23199",2
0.010018975332068311,"21933, 47566",2
0.011764705882352941,"21933, 85099B",2
0.01032258064516129,"21933, DOT",2
0.01920303605313093,"21934, 21935",2
0.010018975332068311,"21934, 21990",2
0.010018975332068311,"21992, 21934",2
0.01062618595825427,"21993, 21934",2
0.011385199240986717,"22077, 21934",2
0.011840607210626186,"22197, 21934",2
0.014800759013282733,"22355, 21934",2
0.01222011385199241,"22356, 21934",2
0.012144212523719165,"22379, 21934",2
0.01062618595825427,"21934, 22411",2
0.011764705882352941,"22423, 21934",2
0.010018975332068311,"21934, 22457",2
0.01206831119544592,"21934, 22666",2
0.011081593927893738,"21934, 22697",2
0.010246679316888045,"21934, 22720",2
0.010550284629981024,"21934, 22960",2
0.012827324478178368,"22961, 21934",2
0.01077798861480076,"84032A, 21934",2
0.011005692599620493,"84692, 21934",2
0.014345351043643264,"85099B, 21934",2
0.01669829222011385,"21934, DOT",2
0.011764705882352941,"21935, 21990",2
0.012371916508538899,"21992, 21935",2
0.012979127134724858,"21993, 21935",2
0.011537001897533207,"22077, 21935",2
0.010550284629981024,"22086, 21935",2
0.01077798861480076,"21935, 22178",2
0.011916508538899431,"22196, 21935",2
0.015863377609108158,"22197, 21935",2
0.011157495256166983,"22219, 21935",2
0.015483870967741935,"22355, 21935",2
0.01077798861480076,"22356, 21935",2
0.010929791271347248,"22371, 21935",2
0.01571157495256167,"22379, 21935",2
0.01222011385199241,"22383, 21935",2
0.01396584440227704,"21935, 22386",2
0.015256166982922202,"21935, 22411",2
0.010398481973434535,"22423, 21935",2
0.014041745730550285,"21935, 22457",2
0.011309297912713472,"22469, 21935",2
0.01206831119544592,"22630, 21935",2
0.010018975332068311,"22653, 21935",2
0.014497153700189754,"21935, 22666",2
0.014573055028462997,"21935, 22697",2
0.0101707779886148,"22698, 21935",2
0.013738140417457306,"22699, 21935",2
0.012523719165085389,"22720, 21935",2
0.011005692599620493,"22817, 21935",2
0.013434535104364327,"22960, 21935",2
0.016546489563567364,"22961, 21935",2
0.01077798861480076,"22993, 21935",2
0.010094876660341557,"21935, 23084",2
0.013586337760910816,"23199, 21935",2
0.0101707779886148,"21935, 23245",2
0.01062618595825427,"23301, 21935",2
0.013130929791271347,"82580, 21935",2
0.013055028462998103,"84032A, 21935",2
0.011461100569259962,"84946, 21935",2
0.021328273244781783,"85099B, 21935",2
0.01222011385199241,"85099C, 21935",2
0.011764705882352941,"85123A, 21935",2
0.025426944971537004,"21935, DOT",2
0.010702087286527514,"22383, 21936",2
0.010398481973434535,"21936, 22386",2
0.01032258064516129,"22411, 21936",2
0.01776091081593928,"85099B, 21936",2
0.010929791271347248,"DOT, 21936",2
0.01047438330170778,"21974, DOT",2
0.010929791271347248,"21976, 21975",2
0.017836812144212524,"21977, 21975",2
0.0101707779886148,"22383, 21975",2
0.015787476280834916,"21975, 22417",2
0.012751423149905123,"22951, 21975",2
0.010929791271347248,"23307, 21975",2
0.01950664136622391,"84991, 21975",2
0.01700189753320683,"84992, 21975",2
0.010929791271347248,"85099B, 21975",2
0.011005692599620493,"85123A, 21975",2
0.013206831119544592,"21976, 21977",2
0.01222011385199241,"21976, 22417",2
0.013358633776091082,"21976, 84991",2
0.010094876660341557,"22077, 21977",2
0.0101707779886148,"21977, 22178",2
0.014876660341555978,"22197, 21977",2
0.010018975332068311,"22355, 21977",2
0.011081593927893738,"22383, 21977",2
0.010246679316888045,"21977, 22386",2
0.012523719165085389,"21977, 22411",2
0.014041745730550285,"21977, 22417",2
0.016546489563567364,"22423, 21977",2
0.01206831119544592,"21977, 22457",2
0.010018975332068311,"22469, 21977",2
0.01032258064516129,"22630, 21977",2
0.013358633776091082,"21977, 22666",2
0.012903225806451613,"21977, 22697",2
0.01206831119544592,"22699, 21977",2
0.01366223908918406,"21977, 22720",2
0.010550284629981024,"22722, 21977",2
0.01571157495256167,"22951, 21977",2
0.015635673624288426,"21977, 22960",2
0.01631878557874763,"22961, 21977",2
0.010550284629981024,"21977, 22966",2
0.014193548387096775,"22993, 21977",2
0.014648956356736242,"21977, 23307",2
0.012599620493358634,"21977, 47566",2
0.011081593927893738,"21977, 84378",2
0.011992409867172675,"21977, 84380",2
0.026110056925996206,"84991, 21977",2
0.018519924098671727,"84992, 21977",2
0.017533206831119544,"85099B, 21977",2
0.014952561669829221,"85123A, 21977",2
0.015028462998102466,"21977, DOT",2
0.010398481973434535,"85123A, 21985",2
0.010018975332068311,"21989, 21988",2
0.010094876660341557,"21991, 21990",2
0.014345351043643264,"21992, 21990",2
0.016166982922201138,"21993, 21990",2
0.012447817836812144,"22197, 21990",2
0.010246679316888045,"21990, 22457",2
0.010398481973434535,"21990, 22666",2
0.010094876660341557,"22960, 21990",2
0.011385199240986717,"22961, 21990",2
0.010018975332068311,"84946, 21990",2
0.012447817836812144,"85099B, 21990",2
0.011688804554079696,"85123A, 21990",2
0.015256166982922202,"DOT, 21990",2
0.010929791271347248,"21991, 21992",2
0.016774193548387096,"21993, 21992",2
0.012296015180265655,"22197, 21992",2
0.010246679316888045,"22355, 21992",2
0.01062618595825427,"22379, 21992",2
0.010018975332068311,"22423, 21992",2
0.011612903225806452,"21992, 22457",2
0.010929791271347248,"21992, 22666",2
0.011612903225806452,"21992, 22697",2
0.011005692599620493,"21992, 22960",2
0.013206831119544592,"22961, 21992",2
0.011385199240986717,"21992, 47566",2
0.010246679316888045,"21992, 84596B",2
0.01411764705882353,"85099B, 21992",2
0.013358633776091082,"85123A, 21992",2
0.010398481973434535,"85131D, 21992",2
0.018444022770398482,"21992, DOT",2
0.0101707779886148,"21993, 22178",2
0.01351043643263757,"21993, 22197",2
0.011840607210626186,"21993, 22355",2
0.010246679316888045,"21993, 22356",2
0.010094876660341557,"21993, 22379",2
0.010246679316888045,"21993, 22423",2
0.011916508538899431,"21993, 22457",2
0.011688804554079696,"21993, 22666",2
0.011992409867172675,"21993, 22697",2
0.010018975332068311,"21993, 22699",2
0.01047438330170778,"21993, 22720",2
0.011233396584440229,"21993, 22960",2
0.012751423149905123,"22961, 21993",2
0.010246679316888045,"21993, 23203",2
0.010018975332068311,"21993, 84032A",2
0.01077798861480076,"21993, 84596B",2
0.01077798861480076,"21993, 84946",2
0.01411764705882353,"21993, 85099B",2
0.01366223908918406,"21993, 85123A",2
0.010094876660341557,"85131D, 21993",2
0.0174573055028463,"21993, DOT",2
0.012827324478178368,"22027, 22029",2
0.013586337760910816,"22037, 22029",2
0.010398481973434535,"22197, 22029",2
0.01032258064516129,"22423, 22029",2
0.011916508538899431,"22029, 22712",2
0.010929791271347248,"22983, 22029",2
0.01047438330170778,"85099B, 22029",2
0.01032258064516129,"22029, DOT",2
0.01062618595825427,"22041, DOT",2
0.01032258064516129,"22082, 22077",2
0.01062618595825427,"22083, 22077",2
0.011688804554079696,"22086, 22077",2
0.012371916508538899,"22077, 22178",2
0.012296015180265655,"22077, 22197",2
0.010853889943074005,"22077, 22355",2
0.01047438330170778,"22356, 22077",2
0.011081593927893738,"22379, 22077",2
0.010094876660341557,"22077, 22384",2
0.011764705882352941,"22077, 22411",2
0.017988614800759015,"22077, 22423",2
0.014724857685009488,"22077, 22457",2
0.013055028462998103,"22077, 22469",2
0.011081593927893738,"22077, 22558",2
0.0101707779886148,"22077, 22630",2
0.01571157495256167,"22077, 22666",2
0.013055028462998103,"22077, 22697",2
0.012751423149905123,"22699, 22077",2
0.015180265654648957,"22077, 22720",2
0.010094876660341557,"22077, 22726",2
0.015483870967741935,"22077, 22960",2
0.017685009487666034,"22961, 22077",2
0.013130929791271347,"22077, 22993",2
0.0101707779886148,"22077, 23199",2
0.011233396584440229,"22077, 23245",2
0.014724857685009488,"22077, 47566",2
0.010702087286527514,"22077, 82482",2
0.01077798861480076,"22077, 84380",2
0.010246679316888045,"22077, 84879",2
0.010550284629981024,"22077, 84946",2
0.010398481973434535,"22077, 84991",2
0.014648956356736242,"22077, 85049E",2
0.011157495256166983,"22077, 85049G",2
0.016394686907020874,"22077, 85099B",2
0.01685009487666034,"22077, 85123A",2
0.015256166982922202,"22077, DOT",2
0.012751423149905123,"22086, 22083",2
0.011992409867172675,"22083, 22090",2
0.011688804554079696,"22083, 22423",2
0.01047438330170778,"22083, 22960",2
0.010246679316888045,"22961, 22083",2
0.012599620493358634,"22083, 47566",2
0.012371916508538899,"22083, 85099B",2
0.010929791271347248,"22083, 85123A",2
0.01062618595825427,"22083, DOT",2
0.011840607210626186,"22086, 22111",2
0.013282732447817837,"22086, 22112",2
0.013889943074003794,"22086, 22114",2
0.012979127134724858,"22086, 22141",2
0.010702087286527514,"22086, 22142",2
0.015863377609108158,"22086, 22144",2
0.018823529411764704,"22086, 22197",2
0.010702087286527514,"22086, 22355",2
0.010702087286527514,"22086, 22411",2
0.014269449715370018,"22086, 22423",2
0.011081593927893738,"22086, 22457",2
0.01047438330170778,"22086, 22469",2
0.011916508538899431,"22086, 22577",2
0.012447817836812144,"22086, 22578",2
0.0101707779886148,"22086, 22621",2
0.012979127134724858,"22086, 22666",2
0.011764705882352941,"22086, 22720",2
0.014041745730550285,"22086, 22726",2
0.011385199240986717,"22086, 22727",2
0.012751423149905123,"22086, 22734",2
0.01047438330170778,"22086, 22738",2
0.010702087286527514,"22086, 22739",2
0.011840607210626186,"22086, 22835",2
0.014573055028462997,"22086, 22865",2
0.012979127134724858,"22086, 22866",2
0.01267552182163188,"22086, 22867",2
0.018823529411764704,"22086, 22909",2
0.039772296015180265,"22086, 22910",2
0.0203415559772296,"22086, 22952",2
0.012827324478178368,"22086, 22960",2
0.013586337760910816,"22086, 22961",2
0.010853889943074005,"22086, 22993",2
0.01351043643263757,"22086, 23084",2
0.012296015180265655,"22086, 23203",2
0.0101707779886148,"22086, 23245",2
0.011005692599620493,"22086, 23247",2
0.010550284629981024,"22086, 23263",2
0.011537001897533207,"22086, 23300",2
0.013738140417457306,"22086, 23301",2
0.010929791271347248,"22086, 23313",2
0.011233396584440229,"22086, 23318",2
0.014345351043643264,"22086, 23319",2
0.0101707779886148,"22086, 23320",2
0.011764705882352941,"22086, 23343",2
0.019278937381404175,"22086, 23344",2
0.011992409867172675,"22086, 23351",2
0.010550284629981024,"22086, 23354",2
0.01267552182163188,"22086, 23355",2
0.010929791271347248,"22086, 35970",2
0.011461100569259962,"22086, 84347",2
0.01077798861480076,"22086, 84946",2
0.015787476280834916,"22086, 85099B",2
0.014041745730550285,"22086, 85123A",2
0.011916508538899431,"22086, DOT",2
0.012144212523719165,"22197, 22090",2
0.012371916508538899,"22090, 22386",2
0.012447817836812144,"22090, 22411",2
0.011688804554079696,"22423, 22090",2
0.010550284629981024,"22090, 22457",2
0.011688804554079696,"22090, 22697",2
0.011157495256166983,"22699, 22090",2
0.01047438330170778,"22090, 22720",2
0.011157495256166983,"22961, 22090",2
0.011157495256166983,"22993, 22090",2
0.010246679316888045,"22090, 23199",2
0.017988614800759015,"22090, 47566",2
0.017685009487666034,"85099B, 22090",2
0.010550284629981024,"22090, 85099C",2
0.011309297912713472,"85123A, 22090",2
0.01669829222011385,"22090, DOT",2
0.010853889943074005,"22109, DOT",2
0.020872865275142316,"22112, 22111",2
0.01267552182163188,"22111, 22113",2
0.013738140417457306,"22111, 22114",2
0.011992409867172675,"22423, 22111",2
0.015635673624288426,"22111, 22835",2
0.01047438330170778,"22111, 22865",2
0.012296015180265655,"22111, 22866",2
0.010094876660341557,"22111, 22910",2
0.013434535104364327,"22111, 23355",2
0.011081593927893738,"22111, 23356",2
0.011233396584440229,"22111, 84029E",2
0.011309297912713472,"85123A, 22111",2
0.011081593927893738,"22112, 22113",2
0.023301707779886147,"22112, 22114",2
0.011612903225806452,"22112, 22197",2
0.011461100569259962,"22112, 22355",2
0.010550284629981024,"22112, 22356",2
0.014497153700189754,"22112, 22423",2
0.01047438330170778,"22112, 22726",2
0.011233396584440229,"22112, 22727",2
0.026869070208728654,"22112, 22835",2
0.010550284629981024,"22112, 22910",2
0.018216318785578747,"22112, 23355",2
0.011005692599620493,"22112, 47566",2
0.01267552182163188,"22112, 84029E",2
0.011688804554079696,"22112, 84029G",2
0.01032258064516129,"22112, 85099B",2
0.011992409867172675,"22112, 85123A",2
0.01222011385199241,"22197, 22114",2
0.011385199240986717,"22423, 22114",2
0.018747628083491463,"22114, 22835",2
0.010929791271347248,"22114, 22865",2
0.010853889943074005,"22114, 22866",2
0.010094876660341557,"22114, 22867",2
0.01032258064516129,"22114, 22910",2
0.01829222011385199,"22114, 23355",2
0.010018975332068311,"22114, 23356",2
0.010246679316888045,"DOT, 22135",2
0.018216318785578747,"22138, 22139",2
0.010094876660341557,"22197, 22138",2
0.011992409867172675,"22423, 22138",2
0.02299810246679317,"22138, 22617",2
0.011916508538899431,"22138, 22720",2
0.011157495256166983,"22138, 22960",2
0.011461100569259962,"85123A, 22138",2
0.010853889943074005,"22139, 22411",2
0.011081593927893738,"22423, 22139",2
0.011233396584440229,"22139, 22457",2
0.010853889943074005,"22630, 22139",2
0.011612903225806452,"22720, 22139",2
0.0101707779886148,"22960, 22139",2
0.01062618595825427,"22961, 22139",2
0.015028462998102466,"85099B, 22139",2
0.013814041745730551,"85123A, 22139",2
0.014800759013282733,"22142, 22141",2
0.020189753320683113,"22141, 22144",2
0.017836812144212524,"22142, 22144",2
0.011309297912713472,"22144, 22910",2
0.010246679316888045,"22961, 22144",2
0.011385199240986717,"85099B, 22144",2
0.012144212523719165,"22147, 22149",2
0.010929791271347248,"22150, 22147",2
0.01032258064516129,"22150, 22149",2
0.01077798861480076,"85099B, 22161",2
0.014269449715370018,"22161, DOT",2
0.010018975332068311,"82482, 22173",2
0.011688804554079696,"85099B, 22173",2
0.011233396584440229,"85123A, 22173",2
0.011916508538899431,"DOT, 22173",2
0.012827324478178368,"22197, 22178",2
0.011309297912713472,"22219, 22178",2
0.010094876660341557,"22355, 22178",2
0.011157495256166983,"22379, 22178",2
0.011461100569259962,"22411, 22178",2
0.01571157495256167,"22423, 22178",2
0.017077798861480076,"22178, 22457",2
0.014041745730550285,"22469, 22178",2
0.012903225806451613,"22178, 22666",2
0.015332068311195445,"22178, 22697",2
0.01077798861480076,"22698, 22178",2
0.014269449715370018,"22699, 22178",2
0.01366223908918406,"22720, 22178",2
0.01032258064516129,"22722, 22178",2
0.01411764705882353,"22960, 22178",2
0.014041745730550285,"22961, 22178",2
0.012523719165085389,"22993, 22178",2
0.01631878557874763,"47566, 22178",2
0.013282732447817837,"82482, 22178",2
0.01032258064516129,"82580, 22178",2
0.012371916508538899,"84755, 22178",2
0.014421252371916509,"84879, 22178",2
0.01791271347248577,"84946, 22178",2
0.010702087286527514,"84970L, 22178",2
0.011688804554079696,"22178, 84970S",2
0.013738140417457306,"84978, 22178",2
0.017533206831119544,"85099B, 22178",2
0.02026565464895636,"85123A, 22178",2
0.017229601518026567,"22178, DOT",2
0.014724857685009488,"85123A, 22189",2
0.012296015180265655,"22192, 22191",2
0.013814041745730551,"22191, 22193",2
0.01267552182163188,"22192, 22193",2
0.016166982922201138,"22196, 22195",2
0.010018975332068311,"22197, 22195",2
0.011309297912713472,"85099B, 22195",2
0.012296015180265655,"22195, DOT",2
0.012751423149905123,"22196, 22197",2
0.011385199240986717,"22196, 22379",2
0.010929791271347248,"22196, 22411",2
0.011764705882352941,"22196, 22457",2
0.011081593927893738,"22196, 22666",2
0.010929791271347248,"22196, 22697",2
0.010702087286527514,"22196, 22960",2
0.011992409867172675,"22961, 22196",2
0.0101707779886148,"22196, 84378",2
0.014952561669829221,"22196, 85099B",2
0.01715370018975332,"22196, DOT",2
0.011537001897533207,"22197, 22219",2
0.018671726755218217,"22355, 22197",2
0.01669829222011385,"22356, 22197",2
0.016091081593927893,"22379, 22197",2
0.01555977229601518,"22382, 22197",2
0.0203415559772296,"22383, 22197",2
0.013358633776091082,"22197, 22384",2
0.011461100569259962,"22385, 22197",2
0.01715370018975332,"22197, 22386",2
0.018747628083491463,"22197, 22411",2
0.019886148007590133,"22423, 22197",2
0.01829222011385199,"22197, 22457",2
0.014648956356736242,"22469, 22197",2
0.01047438330170778,"22197, 22470",2
0.010094876660341557,"22197, 22502",2
0.010853889943074005,"22197, 22551",2
0.01032258064516129,"22197, 22553",2
0.011537001897533207,"22197, 22554",2
0.01032258064516129,"22197, 22557",2
0.011688804554079696,"22197, 22558",2
0.014724857685009488,"22629, 22197",2
0.016091081593927893,"22197, 22630",2
0.014193548387096775,"22197, 22659",2
0.018671726755218217,"22197, 22666",2
0.016622390891840606,"22197, 22697",2
0.011688804554079696,"22197, 22698",2
0.016394686907020874,"22699, 22197",2
0.01715370018975332,"22197, 22720",2
0.011612903225806452,"22722, 22197",2
0.015256166982922202,"22197, 22726",2
0.01366223908918406,"22727, 22197",2
0.011081593927893738,"22197, 22728",2
0.011385199240986717,"22197, 22835",2
0.010094876660341557,"22900, 22197",2
0.010094876660341557,"22197, 22907",2
0.011385199240986717,"22197, 22909",2
0.014800759013282733,"22197, 22910",2
0.011005692599620493,"22952, 22197",2
0.01631878557874763,"22197, 22960",2
0.019886148007590133,"22961, 22197",2
0.011916508538899431,"22197, 22966",2
0.01806451612903226,"22993, 22197",2
0.010094876660341557,"22197, 22998",2
0.014497153700189754,"22197, 23084",2
0.012371916508538899,"22197, 23199",2
0.010018975332068311,"23201, 22197",2
0.015028462998102466,"22197, 23203",2
0.011233396584440229,"23204, 22197",2
0.012903225806451613,"22197, 23206",2
0.012979127134724858,"23209, 22197",2
0.011081593927893738,"22197, 23245",2
0.010929791271347248,"22197, 23298",2
0.012979127134724858,"22197, 23300",2
0.014648956356736242,"22197, 23301",2
0.011005692599620493,"22197, 23307",2
0.012296015180265655,"22197, 23344",2
0.01829222011385199,"22197, 47566",2
0.010550284629981024,"79321, 22197",2
0.011612903225806452,"22197, 82482",2
0.013130929791271347,"22197, 82580",2
0.011537001897533207,"22197, 82583",2
0.010550284629981024,"84032A, 22197",2
0.0101707779886148,"22197, 84347",2
0.013282732447817837,"22197, 84378",2
0.013282732447817837,"22197, 84380",2
0.013738140417457306,"22197, 84596B",2
0.011537001897533207,"22197, 84596F",2
0.014041745730550285,"84692, 22197",2
0.012903225806451613,"84946, 22197",2
0.0101707779886148,"84978, 22197",2
0.0101707779886148,"84988, 22197",2
0.012751423149905123,"22197, 84991",2
0.010702087286527514,"84992, 22197",2
0.029905123339658442,"85099B, 22197",2
0.01396584440227704,"22197, 85099C",2
0.01267552182163188,"22197, 85099F",2
0.02299810246679317,"22197, 85123A",2
0.02398481973434535,"22197, DOT",2
0.010853889943074005,"85099B, 22212",2
0.011157495256166983,"22212, DOT",2
0.010094876660341557,"22219, 22411",2
0.011840607210626186,"22219, 22457",2
0.012296015180265655,"22469, 22219",2
0.011537001897533207,"22219, 22697",2
0.010246679316888045,"22699, 22219",2
0.01062618595825427,"22219, 22720",2
0.010398481973434535,"22961, 22219",2
0.010398481973434535,"22219, 82580",2
0.014345351043643264,"85099B, 22219",2
0.015635673624288426,"85123A, 22219",2
0.017836812144212524,"22219, DOT",2
0.010702087286527514,"22273, 22271",2
0.010094876660341557,"22273, 22274",2
0.01032258064516129,"85099B, 22297",2
0.011916508538899431,"22297, DOT",2
0.010853889943074005,"22301, 22300",2
0.011688804554079696,"22302, 22303",2
0.010853889943074005,"22326, 22327",2
0.02284629981024668,"22326, 22328",2
0.011233396584440229,"22355, 22326",2
0.013206831119544592,"22382, 22326",2
0.01047438330170778,"22383, 22326",2
0.010550284629981024,"22326, 22384",2
0.013358633776091082,"22423, 22326",2
0.011385199240986717,"22326, 22551",2
0.013130929791271347,"22326, 22554",2
0.015028462998102466,"22629, 22326",2
0.013130929791271347,"22326, 22630",2
0.01032258064516129,"23209, 22326",2
0.01077798861480076,"85099B, 22326",2
0.010246679316888045,"22382, 22328",2
0.010246679316888045,"22423, 22328",2
0.012296015180265655,"22629, 22328",2
0.01032258064516129,"22352, 22386",2
0.010094876660341557,"22352, 22411",2
0.013738140417457306,"85099B, 22352",2
0.011840607210626186,"22352, DOT",2
0.03043643263757116,"22356, 22355",2
0.013586337760910816,"22379, 22355",2
0.018595825426944972,"22355, 22382",2
0.025199240986717268,"22383, 22355",2
0.01715370018975332,"22355, 22384",2
0.0101707779886148,"22385, 22355",2
0.014724857685009488,"22355, 22386",2
0.014952561669829221,"22355, 22411",2
0.010018975332068311,"22355, 22417",2
0.017685009487666034,"22423, 22355",2
0.01351043643263757,"22355, 22457",2
0.01077798861480076,"22355, 22469",2
0.010398481973434535,"22355, 22630",2
0.0101707779886148,"22355, 22631",2
0.017229601518026567,"22355, 22661",2
0.01077798861480076,"22662, 22355",2
0.015635673624288426,"22355, 22666",2
0.01077798861480076,"22355, 22697",2
0.010018975332068311,"22699, 22355",2
0.011461100569259962,"22355, 22720",2
0.01396584440227704,"22355, 22726",2
0.012144212523719165,"22727, 22355",2
0.010550284629981024,"22355, 22728",2
0.01047438330170778,"22355, 22835",2
0.01206831119544592,"22355, 22960",2
0.012523719165085389,"22961, 22355",2
0.011688804554079696,"22993, 22355",2
0.014648956356736242,"22355, 23199",2
0.010018975332068311,"22355, 23200",2
0.011612903225806452,"23201, 22355",2
0.011157495256166983,"23202, 22355",2
0.014952561669829221,"22355, 23203",2
0.02223908918406072,"23204, 22355",2
0.01829222011385199,"23205, 22355",2
0.018519924098671727,"22355, 23206",2
0.01062618595825427,"22355, 23207",2
0.010853889943074005,"22355, 23208",2
0.012599620493358634,"23209, 22355",2
0.01062618595825427,"22355, 23298",2
0.018671726755218217,"22355, 47566",2
0.011992409867172675,"79321, 22355",2
0.011081593927893738,"22355, 82583",2
0.010398481973434535,"22355, 84596B",2
0.01396584440227704,"84692, 22355",2
0.01047438330170778,"84946, 22355",2
0.012599620493358634,"22355, 84991",2
0.02413662239089184,"85099B, 22355",2
0.012144212523719165,"22355, 85099C",2
0.01267552182163188,"22355, 85099F",2
0.015939278937381403,"22355, 85123A",2
0.015787476280834916,"22355, DOT",2
0.011916508538899431,"22356, 22379",2
0.01760910815939279,"22356, 22382",2
0.019127134724857685,"22383, 22356",2
0.018975332068311195,"22356, 22384",2
0.016091081593927893,"22356, 22386",2
0.010853889943074005,"22356, 22411",2
0.016242884250474383,"22356, 22423",2
0.010853889943074005,"22356, 22457",2
0.014497153700189754,"22356, 22661",2
0.013434535104364327,"22356, 22666",2
0.01032258064516129,"22356, 22697",2
0.0101707779886148,"22356, 22720",2
0.013055028462998103,"22356, 22726",2
0.012447817836812144,"22356, 22727",2
0.011688804554079696,"22961, 22356",2
0.010398481973434535,"22356, 22993",2
0.01206831119544592,"22356, 23199",2
0.013358633776091082,"22356, 23203",2
0.018595825426944972,"22356, 23204",2
0.015635673624288426,"23205, 22356",2
0.015863377609108158,"22356, 23206",2
0.01062618595825427,"22356, 23207",2
0.011309297912713472,"22356, 23209",2
0.010094876660341557,"22356, 23298",2
0.01631878557874763,"22356, 47566",2
0.01047438330170778,"22356, 79321",2
0.010398481973434535,"22356, 82583",2
0.012447817836812144,"84692, 22356",2
0.010853889943074005,"22356, 84991",2
0.02079696394686907,"22356, 85099B",2
0.011081593927893738,"22356, 85099C",2
0.01206831119544592,"22356, 85099F",2
0.013206831119544592,"22356, 85123A",2
0.013814041745730551,"22356, DOT",2
0.011157495256166983,"22358, DOT",2
0.010929791271347248,"DOT, 22361",2
0.011612903225806452,"22382, 22367",2
0.010550284629981024,"22367, 22898",2
0.013130929791271347,"22367, 22899",2
0.014648956356736242,"47591D, 22367",2
0.0101707779886148,"22371, 22374",2
0.011916508538899431,"22371, 85099B",2
0.011537001897533207,"22371, DOT",2
0.01062618595825427,"22378, 22379",2
0.011233396584440229,"22378, 85099B",2
0.013814041745730551,"22378, DOT",2
0.01077798861480076,"22379, 22380",2
0.019430740037950665,"22381, 22379",2
0.01366223908918406,"22383, 22379",2
0.011764705882352941,"22379, 22384",2
0.013889943074003794,"22385, 22379",2
0.022466793168880457,"22379, 22386",2
0.019278937381404175,"22379, 22411",2
0.011385199240986717,"22379, 22423",2
0.014876660341555978,"22379, 22457",2
0.011385199240986717,"22379, 22469",2
0.011385199240986717,"22629, 22379",2
0.012979127134724858,"22379, 22630",2
0.013814041745730551,"22379, 22666",2
0.013889943074003794,"22379, 22697",2
0.010398481973434535,"22379, 22698",2
0.01267552182163188,"22699, 22379",2
0.012751423149905123,"22379, 22720",2
0.012296015180265655,"22379, 22960",2
0.014952561669829221,"22961, 22379",2
0.010929791271347248,"22379, 22993",2
0.014876660341555978,"22379, 23199",2
0.011233396584440229,"22379, 23201",2
0.012903225806451613,"22379, 23203",2
0.010094876660341557,"22379, 47566",2
0.012523719165085389,"22379, 82482",2
0.011688804554079696,"22379, 82580",2
0.01032258064516129,"22379, 84032A",2
0.01047438330170778,"22379, 84946",2
0.030740037950664136,"22379, 85099B",2
0.015635673624288426,"22379, 85099C",2
0.011461100569259962,"22379, 85099F",2
0.013358633776091082,"22379, 85123A",2
0.02557874762808349,"22379, DOT",2
0.015787476280834916,"22381, 22386",2
0.011612903225806452,"22381, 22411",2
0.0181404174573055,"22381, 85099B",2
0.013738140417457306,"22381, DOT",2
0.039316888045540795,"22383, 22382",2
0.03165085388994308,"22382, 22384",2
0.014269449715370018,"22385, 22382",2
0.013814041745730551,"22382, 22386",2
0.012827324478178368,"22382, 22411",2
0.010550284629981024,"22382, 22417",2
0.016091081593927893,"22423, 22382",2
0.01366223908918406,"22382, 22551",2
0.011764705882352941,"22382, 22554",2
0.017685009487666034,"22629, 22382",2
0.014648956356736242,"22382, 22630",2
0.010702087286527514,"22382, 22631",2
0.028842504743833017,"22662, 22382",2
0.012599620493358634,"22382, 22666",2
0.010018975332068311,"22382, 22720",2
0.01222011385199241,"22382, 22726",2
0.012979127134724858,"22727, 22382",2
0.011005692599620493,"22993, 22382",2
0.014573055028462997,"22382, 23199",2
0.011309297912713472,"23201, 22382",2
0.011612903225806452,"23202, 22382",2
0.016546489563567364,"22382, 23203",2
0.013206831119544592,"23204, 22382",2
0.011612903225806452,"23205, 22382",2
0.02922201138519924,"22382, 23206",2
0.0225426944971537,"22382, 23207",2
0.019810246679316888,"22382, 23208",2
0.02573055028462998,"23209, 22382",2
0.012144212523719165,"22382, 23298",2
0.017077798861480076,"22382, 47566",2
0.01062618595825427,"84692, 22382",2
0.010702087286527514,"22382, 84991",2
0.02155597722960152,"85099B, 22382",2
0.010398481973434535,"22382, 85099C",2
0.011157495256166983,"22382, 85099F",2
0.018444022770398482,"22382, 85123A",2
0.03468690702087286,"22383, 22384",2
0.012751423149905123,"22383, 22385",2
0.020037950664136623,"22383, 22386",2
0.019962049335863378,"22383, 22411",2
0.017533206831119544,"22383, 22423",2
0.012827324478178368,"22383, 22457",2
0.01267552182163188,"22383, 22469",2
0.010702087286527514,"22383, 22554",2
0.013586337760910816,"22629, 22383",2
0.013282732447817837,"22383, 22630",2
0.010094876660341557,"22383, 22661",2
0.025199240986717268,"22383, 22662",2
0.014800759013282733,"22383, 22666",2
0.011461100569259962,"22383, 22697",2
0.010702087286527514,"22699, 22383",2
0.011688804554079696,"22383, 22720",2
0.01206831119544592,"22383, 22726",2
0.011764705882352941,"22383, 22727",2
0.011005692599620493,"22383, 22960",2
0.011537001897533207,"22961, 22383",2
0.012903225806451613,"22383, 22993",2
0.01776091081593928,"22383, 23199",2
0.011992409867172675,"22383, 23200",2
0.014724857685009488,"22383, 23201",2
0.014041745730550285,"23202, 22383",2
0.018747628083491463,"22383, 23203",2
0.015332068311195445,"22383, 23204",2
0.013055028462998103,"23205, 22383",2
0.03316888045540797,"22383, 23206",2
0.023833017077798863,"22383, 23207",2
0.02208728652751423,"22383, 23208",2
0.027476280834914612,"22383, 23209",2
0.014497153700189754,"22383, 23298",2
0.011309297912713472,"22383, 23301",2
0.021328273244781783,"22383, 47566",2
0.011005692599620493,"22383, 82583",2
0.01047438330170778,"84692, 22383",2
0.011309297912713472,"22383, 84991",2
0.03058823529411765,"22383, 85099B",2
0.016774193548387096,"22383, 85099C",2
0.014193548387096775,"22383, 85099F",2
0.02064516129032258,"22383, 85123A",2
0.013814041745730551,"22383, DOT",2
0.010853889943074005,"22385, 22384",2
0.02284629981024668,"22384, 22386",2
0.014876660341555978,"22384, 22411",2
0.01351043643263757,"22423, 22384",2
0.011385199240986717,"22384, 22457",2
0.010094876660341557,"22469, 22384",2
0.010018975332068311,"22629, 22384",2
0.010246679316888045,"22630, 22384",2
0.019810246679316888,"22662, 22384",2
0.014421252371916509,"22384, 22666",2
0.011688804554079696,"22384, 22720",2
0.01062618595825427,"22384, 22960",2
0.011157495256166983,"22961, 22384",2
0.011916508538899431,"22993, 22384",2
0.01685009487666034,"22384, 23199",2
0.010702087286527514,"22384, 23200",2
0.013434535104364327,"23201, 22384",2
0.01366223908918406,"23202, 22384",2
0.017381404174573054,"22384, 23203",2
0.011461100569259962,"23204, 22384",2
0.02603415559772296,"22384, 23206",2
0.018975332068311195,"22384, 23207",2
0.01669829222011385,"22384, 23208",2
0.02588235294117647,"23209, 22384",2
0.012296015180265655,"22384, 23298",2
0.010094876660341557,"22384, 23300",2
0.011157495256166983,"22384, 23301",2
0.01555977229601518,"22384, 47566",2
0.01077798861480076,"84991, 22384",2
0.027248576850094876,"85099B, 22384",2
0.013738140417457306,"22384, 85099C",2
0.014421252371916509,"22384, 85099F",2
0.018975332068311195,"85123A, 22384",2
0.025199240986717268,"22385, 22386",2
0.02064516129032258,"22385, 22411",2
0.011081593927893738,"22629, 22385",2
0.0101707779886148,"22385, 22630",2
0.014648956356736242,"22385, 22663",2
0.01791271347248577,"22385, 23199",2
0.014497153700189754,"22385, 23201",2
0.012599620493358634,"23202, 22385",2
0.015180265654648957,"22385, 23203",2
0.031878557874762806,"22385, 85099B",2
0.017229601518026567,"22385, 85099C",2
0.014041745730550285,"22385, 85099F",2
0.015635673624288426,"22385, DOT",2
0.03483870967741935,"22411, 22386",2
0.010018975332068311,"22423, 22386",2
0.014724857685009488,"22457, 22386",2
0.011612903225806452,"22469, 22386",2
0.012144212523719165,"22629, 22386",2
0.013206831119544592,"22630, 22386",2
0.01077798861480076,"22659, 22386",2
0.016242884250474383,"22663, 22386",2
0.012827324478178368,"22666, 22386",2
0.012371916508538899,"22697, 22386",2
0.01222011385199241,"22699, 22386",2
0.013282732447817837,"22720, 22386",2
0.01047438330170778,"22960, 22386",2
0.014421252371916509,"22961, 22386",2
0.011385199240986717,"22993, 22386",2
0.02717267552182163,"23199, 22386",2
0.014193548387096775,"23200, 22386",2
0.02026565464895636,"23201, 22386",2
0.01776091081593928,"23202, 22386",2
0.024060721062618595,"23203, 22386",2
0.01351043643263757,"23206, 22386",2
0.01366223908918406,"23209, 22386",2
0.010702087286527514,"23344, 22386",2
0.013738140417457306,"47566, 22386",2
0.014345351043643264,"82482, 22386",2
0.011764705882352941,"82580, 22386",2
0.06087286527514232,"85099B, 22386",2
0.030132827324478178,"85099C, 22386",2
0.025275142314990513,"85099F, 22386",2
0.015180265654648957,"85123A, 22386",2
0.025958254269449716,"DOT, 22386",2
0.013889943074003794,"22423, 22411",2
0.012979127134724858,"22411, 22457",2
0.011233396584440229,"22469, 22411",2
0.010094876660341557,"22411, 22501",2
0.010550284629981024,"22502, 22411",2
0.012144212523719165,"22629, 22411",2
0.013206831119544592,"22630, 22411",2
0.01077798861480076,"22659, 22411",2
0.013586337760910816,"22663, 22411",2
0.013130929791271347,"22411, 22666",2
0.014876660341555978,"22411, 22697",2
0.01032258064516129,"22698, 22411",2
0.014421252371916509,"22699, 22411",2
0.014724857685009488,"22720, 22411",2
0.012751423149905123,"22960, 22411",2
0.015256166982922202,"22961, 22411",2
0.01366223908918406,"22993, 22411",2
0.01062618595825427,"23182, 22411",2
0.024819734345351042,"23199, 22411",2
0.013055028462998103,"23200, 22411",2
0.019278937381404175,"23201, 22411",2
0.019127134724857685,"23202, 22411",2
0.023301707779886147,"22411, 23203",2
0.012447817836812144,"23206, 22411",2
0.013434535104364327,"23209, 22411",2
0.010929791271347248,"22411, 23245",2
0.011764705882352941,"23301, 22411",2
0.011309297912713472,"22411, 23344",2
0.014269449715370018,"47566, 22411",2
0.015939278937381403,"82482, 22411",2
0.011233396584440229,"82580, 22411",2
0.01032258064516129,"22411, 84380",2
0.010398481973434535,"84988, 22411",2
0.01047438330170778,"84991, 22411",2
0.0501707779886148,"85099B, 22411",2
0.030891840607210626,"85099C, 22411",2
0.017685009487666034,"22411, 85099F",2
0.016015180265654648,"85123A, 22411",2
0.027248576850094876,"22411, DOT",2
0.011081593927893738,"22423, 22417",2
0.014497153700189754,"22951, 22417",2
0.017077798861480076,"84991, 22417",2
0.01222011385199241,"84992, 22417",2
0.010929791271347248,"DOT, 22422",2
0.016925996204933586,"22423, 22457",2
0.01032258064516129,"22423, 22467",2
0.014648956356736242,"22423, 22469",2
0.010094876660341557,"22423, 22470",2
0.0101707779886148,"22423, 22551",2
0.012371916508538899,"22423, 22554",2
0.012523719165085389,"22423, 22558",2
0.01351043643263757,"22423, 22624",2
0.012447817836812144,"22423, 22625",2
0.014193548387096775,"22629, 22423",2
0.014497153700189754,"22423, 22630",2
0.011688804554079696,"22423, 22631",2
0.010398481973434535,"22423, 22659",2
0.02140417457305503,"22423, 22666",2
0.03552182163187856,"22423, 22697",2
0.027096774193548386,"22423, 22698",2
0.03696394686907021,"22699, 22423",2
0.0225426944971537,"22423, 22720",2
0.014041745730550285,"22722, 22423",2
0.01062618595825427,"22423, 22725",2
0.01889943074003795,"22423, 22726",2
0.02064516129032258,"22727, 22423",2
0.01685009487666034,"22423, 22728",2
0.011005692599620493,"22423, 22730",2
0.013206831119544592,"22423, 22835",2
0.012523719165085389,"22423, 22907",2
0.011992409867172675,"22423, 22910",2
0.01032258064516129,"22423, 22952",2
0.02140417457305503,"22423, 22960",2
0.022163187855787476,"22961, 22423",2
0.010398481973434535,"22423, 22966",2
0.013586337760910816,"22423, 22969",2
0.016774193548387096,"22993, 22423",2
0.011005692599620493,"22423, 23084",2
0.015256166982922202,"22423, 23170",2
0.013130929791271347,"22423, 23171",2
0.010853889943074005,"23172, 22423",2
0.016394686907020874,"22423, 23173",2
0.013206831119544592,"22423, 23174",2
0.012447817836812144,"22423, 23175",2
0.013055028462998103,"22423, 23203",2
0.010398481973434535,"23204, 22423",2
0.012751423149905123,"22423, 23206",2
0.011461100569259962,"23209, 22423",2
0.022390891840607212,"22423, 23245",2
0.014345351043643264,"22423, 23298",2
0.011309297912713472,"22423, 23301",2
0.011157495256166983,"22423, 23307",2
0.028311195445920305,"22423, 47566",2
0.011688804554079696,"79321, 22423",2
0.01267552182163188,"22423, 82482",2
0.011005692599620493,"22423, 82494L",2
0.010094876660341557,"22423, 82580",2
0.01206831119544592,"22423, 82583",2
0.010929791271347248,"22423, 84378",2
0.013130929791271347,"22423, 84380",2
0.016242884250474383,"84692, 22423",2
0.01905123339658444,"84879, 22423",2
0.013055028462998103,"84946, 22423",2
0.010929791271347248,"84988, 22423",2
0.01647058823529412,"22423, 84991",2
0.011233396584440229,"84992, 22423",2
0.02140417457305503,"85099B, 22423",2
0.010246679316888045,"22423, 85099C",2
0.01032258064516129,"22423, 85099F",2
0.02535104364326376,"22423, 85123A",2
0.014800759013282733,"22423, DOT",2
0.011992409867172675,"22432, 22431",2
0.010398481973434535,"22431, 22433",2
0.014800759013282733,"22456, 22457",2
0.012447817836812144,"85099B, 22456",2
0.012599620493358634,"22456, DOT",2
0.02193548387096774,"22469, 22457",2
0.01540796963946869,"22470, 22457",2
0.013206831119544592,"22488, 22457",2
0.011764705882352941,"22558, 22457",2
0.011309297912713472,"22630, 22457",2
0.01806451612903226,"22457, 22666",2
0.016015180265654648,"22697, 22457",2
0.01032258064516129,"22698, 22457",2
0.014800759013282733,"22699, 22457",2
0.01776091081593928,"22720, 22457",2
0.012144212523719165,"22722, 22457",2
0.0181404174573055,"22960, 22457",2
0.01776091081593928,"22961, 22457",2
0.010094876660341557,"22969, 22457",2
0.01351043643263757,"22993, 22457",2
0.011688804554079696,"23199, 22457",2
0.01032258064516129,"23203, 22457",2
0.010702087286527514,"23245, 22457",2
0.01047438330170778,"23298, 22457",2
0.011385199240986717,"23301, 22457",2
0.018671726755218217,"47566, 22457",2
0.014800759013282733,"82482, 22457",2
0.01062618595825427,"82494L, 22457",2
0.013586337760910816,"82580, 22457",2
0.010702087286527514,"84032A, 22457",2
0.011081593927893738,"22457, 84378",2
0.01077798861480076,"84380, 22457",2
0.012599620493358634,"84879, 22457",2
0.015939278937381403,"84946, 22457",2
0.010398481973434535,"84970L, 22457",2
0.011764705882352941,"84970S, 22457",2
0.013889943074003794,"84978, 22457",2
0.010853889943074005,"84988, 22457",2
0.01077798861480076,"84991, 22457",2
0.010018975332068311,"84992, 22457",2
0.02398481973434535,"85099B, 22457",2
0.01206831119544592,"85099C, 22457",2
0.011233396584440229,"22457, 85099F",2
0.028918406072106263,"85123A, 22457",2
0.021859582542694496,"DOT, 22457",2
0.011688804554079696,"85099B, 22467",2
0.034611005692599624,"22469, 22470",2
0.01540796963946869,"22469, 22666",2
0.01077798861480076,"22469, 22694",2
0.013434535104364327,"22469, 22697",2
0.01206831119544592,"22699, 22469",2
0.014724857685009488,"22469, 22720",2
0.013055028462998103,"22469, 22960",2
0.016015180265654648,"22961, 22469",2
0.010550284629981024,"22993, 22469",2
0.010702087286527514,"22469, 23301",2
0.016015180265654648,"23321, 22469",2
0.010246679316888045,"22469, 23322",2
0.01571157495256167,"22469, 47566",2
0.014724857685009488,"22469, 82482",2
0.01206831119544592,"22469, 82494L",2
0.013130929791271347,"22469, 82580",2
0.010094876660341557,"22469, 84378",2
0.01032258064516129,"22469, 84836",2
0.010929791271347248,"84879, 22469",2
0.012296015180265655,"84946, 22469",2
0.01047438330170778,"22469, 84970S",2
0.011081593927893738,"84978, 22469",2
0.019278937381404175,"85099B, 22469",2
0.01032258064516129,"22469, 85099C",2
0.0101707779886148,"22469, 85099F",2
0.026869070208728654,"22469, 85123A",2
0.01776091081593928,"22469, DOT",2
0.01047438330170778,"22470, 22666",2
0.01077798861480076,"22470, 22694",2
0.0101707779886148,"22470, 22720",2
0.010550284629981024,"22961, 22470",2
0.01077798861480076,"23321, 22470",2
0.014041745730550285,"22470, 23322",2
0.011688804554079696,"82482, 22470",2
0.0101707779886148,"22470, 82494L",2
0.011461100569259962,"85099B, 22470",2
0.023833017077798863,"85123A, 22470",2
0.010094876660341557,"22494, DOT",2
0.012751423149905123,"22502, 22501",2
0.012296015180265655,"85099B, 22501",2
0.01396584440227704,"DOT, 22501",2
0.013814041745730551,"85099B, 22502",2
0.01715370018975332,"22502, DOT",2
0.011309297912713472,"85099B, 22507",2
0.010853889943074005,"22534, 22530",2
0.015787476280834916,"22551, 22553",2
0.025806451612903226,"22551, 22554",2
0.016925996204933586,"22555, 22551",2
0.020189753320683113,"22556, 22551",2
0.016015180265654648,"22551, 22557",2
0.013738140417457306,"22629, 22551",2
0.010702087286527514,"22630, 22551",2
0.01032258064516129,"85099B, 22551",2
0.017533206831119544,"22554, 22553",2
0.011233396584440229,"22555, 22553",2
0.010702087286527514,"22556, 22553",2
0.014648956356736242,"22553, 22557",2
0.011005692599620493,"85099B, 22553",2
0.010929791271347248,"85123A, 22553",2
0.017988614800759015,"22555, 22554",2
0.02125237191650854,"22556, 22554",2
0.01776091081593928,"22554, 22557",2
0.010018975332068311,"22961, 22554",2
0.010246679316888045,"22554, 23206",2
0.011005692599620493,"85099B, 22554",2
0.01032258064516129,"85123A, 22554",2
0.017988614800759015,"22555, 22556",2
0.014573055028462997,"22555, 22557",2
0.01206831119544592,"22556, 22557",2
0.010702087286527514,"85123A, 22557",2
0.011992409867172675,"22558, 22666",2
0.010246679316888045,"22558, 22697",2
0.01222011385199241,"22558, 22720",2
0.013206831119544592,"22558, 22960",2
0.012903225806451613,"22961, 22558",2
0.012447817836812144,"22993, 22558",2
0.011385199240986717,"47566, 22558",2
0.01366223908918406,"85099B, 22558",2
0.016015180265654648,"85123A, 22558",2
0.0101707779886148,"22558, DOT",2
0.01206831119544592,"22562, 22563",2
0.013055028462998103,"22568, 22569",2
0.015332068311195445,"22570, 22568",2
0.01571157495256167,"22570, 22569",2
0.011233396584440229,"22573, 22574",2
0.028538899430740037,"22577, 22578",2
0.01829222011385199,"22577, 22579",2
0.020569259962049335,"22578, 22579",2
0.010550284629981024,"22594, 22593",2
0.01077798861480076,"22595, 85123A",2
0.013130929791271347,"22659, 22616",2
0.01047438330170778,"22900, 22616",2
0.010398481973434535,"22621, 22620",2
0.010094876660341557,"22961, 22621",2
0.011537001897533207,"22621, 85123A",2
0.020113851992409868,"22625, 22624",2
0.01366223908918406,"22624, 22627",2
0.011081593927893738,"22624, 22666",2
0.013358633776091082,"22624, 22720",2
0.010550284629981024,"22624, 22960",2
0.01077798861480076,"22961, 22624",2
0.010246679316888045,"85123A, 22624",2
0.039620493358633775,"22629, 22630",2
0.013055028462998103,"22629, 22631",2
0.019734345351043642,"22629, 22659",2
0.012827324478178368,"22629, 22662",2
0.011840607210626186,"22629, 22666",2
0.011992409867172675,"22629, 22697",2
0.01222011385199241,"22629, 22699",2
0.012296015180265655,"22629, 22720",2
0.011157495256166983,"22629, 22960",2
0.011612903225806452,"22629, 22961",2
0.011612903225806452,"22629, 22993",2
0.010094876660341557,"22629, 23209",2
0.01920303605313093,"22629, 85099B",2
0.011764705882352941,"22629, 85123A",2
0.014345351043643264,"22629, DOT",2
0.012447817836812144,"22631, 22630",2
0.018975332068311195,"22630, 22659",2
0.013889943074003794,"22662, 22630",2
0.013434535104364327,"22630, 22666",2
0.013814041745730551,"22630, 22697",2
0.013130929791271347,"22699, 22630",2
0.013738140417457306,"22630, 22720",2
0.013282732447817837,"22630, 22960",2
0.014573055028462997,"22961, 22630",2
0.012827324478178368,"22993, 22630",2
0.011461100569259962,"22630, 23199",2
0.010018975332068311,"22630, 23245",2
0.011612903225806452,"22630, 47566",2
0.011005692599620493,"22630, 82482",2
0.010094876660341557,"22630, 82580",2
0.01920303605313093,"85099B, 22630",2
0.010094876660341557,"22630, 85099C",2
0.013738140417457306,"85123A, 22630",2
0.017685009487666034,"22630, DOT",2
0.010853889943074005,"22631, 22659",2
0.011385199240986717,"22632, 22633",2
0.015104364326375712,"22632, 22865",2
0.014724857685009488,"22632, 22866",2
0.012371916508538899,"22632, 22867",2
0.01062618595825427,"22632, 23439",2
0.017077798861480076,"22633, 22865",2
0.015483870967741935,"22633, 22866",2
0.013206831119544592,"22633, 22867",2
0.014041745730550285,"22633, 23439",2
0.011157495256166983,"22644, 22646",2
0.012296015180265655,"22645, 22646",2
0.01077798861480076,"22653, DOT",2
0.010018975332068311,"22659, 22697",2
0.014497153700189754,"22900, 22659",2
0.010018975332068311,"22993, 22659",2
0.015104364326375712,"85099B, 22659",2
0.01077798861480076,"85123A, 22659",2
0.014421252371916509,"22659, DOT",2
0.010018975332068311,"22662, 22661",2
0.011157495256166983,"23204, 22661",2
0.011233396584440229,"85099B, 22661",2
0.011081593927893738,"22662, 23203",2
0.01715370018975332,"22662, 23206",2
0.014497153700189754,"22662, 23207",2
0.010702087286527514,"22662, 23208",2
0.016925996204933586,"22662, 23209",2
0.01062618595825427,"22662, 47566",2
0.014724857685009488,"22662, 85099B",2
0.011005692599620493,"22662, 85123A",2
0.01222011385199241,"22663, 23199",2
0.011157495256166983,"22663, 23201",2
0.012144212523719165,"22663, 23203",2
0.02064516129032258,"22663, 85099B",2
0.01062618595825427,"22663, 85099C",2
0.0101707779886148,"22663, DOT",2
0.013814041745730551,"22665, 22666",2
0.015863377609108158,"22667, 22666",2
0.016546489563567364,"22697, 22666",2
0.01206831119544592,"22698, 22666",2
0.015635673624288426,"22699, 22666",2
0.028994307400379508,"22720, 22666",2
0.018368121442125237,"22722, 22666",2
0.013130929791271347,"22726, 22666",2
0.011992409867172675,"22727, 22666",2
0.011612903225806452,"22728, 22666",2
0.010094876660341557,"22835, 22666",2
0.01351043643263757,"22907, 22666",2
0.025123339658444023,"22960, 22666",2
0.024819734345351042,"22961, 22666",2
0.013586337760910816,"22966, 22666",2
0.012371916508538899,"22969, 22666",2
0.020721062618595826,"22993, 22666",2
0.010246679316888045,"23084, 22666",2
0.012296015180265655,"23198, 22666",2
0.01206831119544592,"23199, 22666",2
0.01047438330170778,"23201, 22666",2
0.011309297912713472,"23203, 22666",2
0.010853889943074005,"23206, 22666",2
0.012144212523719165,"23245, 22666",2
0.011233396584440229,"23298, 22666",2
0.011688804554079696,"23300, 22666",2
0.013814041745730551,"23301, 22666",2
0.01077798861480076,"23307, 22666",2
0.01776091081593928,"47566, 22666",2
0.012447817836812144,"82482, 22666",2
0.012979127134724858,"82580, 22666",2
0.011081593927893738,"82583, 22666",2
0.0101707779886148,"84032A, 22666",2
0.012523719165085389,"22666, 84378",2
0.013358633776091082,"84380, 22666",2
0.0101707779886148,"22666, 84596B",2
0.011612903225806452,"84692, 22666",2
0.011385199240986717,"84946, 22666",2
0.013434535104364327,"84991, 22666",2
0.021631878557874764,"85099B, 22666",2
0.011688804554079696,"85099C, 22666",2
0.010018975332068311,"22666, 85099F",2
0.020417457305502845,"85123A, 22666",2
0.019127134724857685,"DOT, 22666",2
0.010853889943074005,"85099B, 22668",2
0.010853889943074005,"22668, DOT",2
0.04364326375711575,"22698, 22697",2
0.05335863377609108,"22699, 22697",2
0.01685009487666034,"22720, 22697",2
0.011840607210626186,"22722, 22697",2
0.010018975332068311,"22726, 22697",2
0.01062618595825427,"22907, 22697",2
0.019582542694497152,"22960, 22697",2
0.01920303605313093,"22961, 22697",2
0.010246679316888045,"22969, 22697",2
0.01411764705882353,"22993, 22697",2
0.016622390891840606,"22697, 23170",2
0.01806451612903226,"22697, 23171",2
0.01366223908918406,"23172, 22697",2
0.01411764705882353,"23173, 22697",2
0.01206831119544592,"23174, 22697",2
0.011385199240986717,"23175, 22697",2
0.011764705882352941,"23199, 22697",2
0.016622390891840606,"23245, 22697",2
0.0101707779886148,"23301, 22697",2
0.01700189753320683,"47566, 22697",2
0.01411764705882353,"82482, 22697",2
0.012296015180265655,"82580, 22697",2
0.01062618595825427,"84032A, 22697",2
0.010246679316888045,"22697, 84378",2
0.01077798861480076,"84879, 22697",2
0.013358633776091082,"84946, 22697",2
0.010018975332068311,"84978, 22697",2
0.01077798861480076,"84988, 22697",2
0.010398481973434535,"84991, 22697",2
0.02049335863377609,"85099B, 22697",2
0.011688804554079696,"85099C, 22697",2
0.01791271347248577,"85123A, 22697",2
0.025123339658444023,"22697, DOT",2
0.04174573055028463,"22699, 22698",2
0.012751423149905123,"22698, 22720",2
0.01351043643263757,"22698, 22960",2
0.013358633776091082,"22961, 22698",2
0.011309297912713472,"22993, 22698",2
0.015104364326375712,"22698, 23170",2
0.014800759013282733,"22698, 23171",2
0.014041745730550285,"23172, 22698",2
0.012903225806451613,"22698, 23173",2
0.011385199240986717,"22698, 23174",2
0.010398481973434535,"22698, 23175",2
0.01077798861480076,"22698, 23199",2
0.014421252371916509,"22698, 23245",2
0.011385199240986717,"22698, 47566",2
0.014573055028462997,"85099B, 22698",2
0.012144212523719165,"85123A, 22698",2
0.016394686907020874,"22698, DOT",2
0.0174573055028463,"22699, 22720",2
0.011385199240986717,"22699, 22722",2
0.010398481973434535,"22699, 22726",2
0.010246679316888045,"22699, 22727",2
0.01047438330170778,"22699, 22907",2
0.01889943074003795,"22699, 22960",2
0.017988614800759015,"22961, 22699",2
0.013282732447817837,"22699, 22993",2
0.0203415559772296,"22699, 23170",2
0.01685009487666034,"22699, 23171",2
0.014345351043643264,"22699, 23172",2
0.01715370018975332,"22699, 23173",2
0.013814041745730551,"22699, 23174",2
0.013130929791271347,"22699, 23175",2
0.011916508538899431,"22699, 23199",2
0.010094876660341557,"22699, 23203",2
0.017229601518026567,"22699, 23245",2
0.01571157495256167,"22699, 47566",2
0.013055028462998103,"22699, 82482",2
0.011233396584440229,"22699, 82580",2
0.010853889943074005,"22699, 84879",2
0.011081593927893738,"22699, 84946",2
0.019430740037950665,"22699, 85099B",2
0.011005692599620493,"22699, 85099C",2
0.016925996204933586,"22699, 85123A",2
0.02178368121442125,"22699, DOT",2
0.029070208728652753,"22722, 22720",2
0.013738140417457306,"22726, 22720",2
0.011764705882352941,"22727, 22720",2
0.011233396584440229,"22728, 22720",2
0.01631878557874763,"22720, 22907",2
0.028159392789373815,"22960, 22720",2
0.025654648956356736,"22961, 22720",2
0.013586337760910816,"22720, 22966",2
0.013889943074003794,"22969, 22720",2
0.01077798861480076,"22989, 22720",2
0.022163187855787476,"22993, 22720",2
0.011233396584440229,"23198, 22720",2
0.011461100569259962,"22720, 23199",2
0.012751423149905123,"22720, 23203",2
0.011157495256166983,"23209, 22720",2
0.01935483870967742,"23243, 22720",2
0.020037950664136623,"22720, 23245",2
0.012903225806451613,"22720, 23298",2
0.010550284629981024,"22720, 23300",2
0.01267552182163188,"22720, 23301",2
0.013814041745730551,"22720, 23307",2
0.017988614800759015,"47566, 22720",2
0.014193548387096775,"82482, 22720",2
0.011081593927893738,"22720, 82494L",2
0.01077798861480076,"82580, 22720",2
0.011840607210626186,"22720, 84378",2
0.012523719165085389,"22720, 84380",2
0.011840607210626186,"84879, 22720",2
0.011233396584440229,"84946, 22720",2
0.011840607210626186,"84991, 22720",2
0.02299810246679317,"85099B, 22720",2
0.011537001897533207,"22720, 85099C",2
0.010018975332068311,"22720, 85099F",2
0.02223908918406072,"85123A, 22720",2
0.017836812144212524,"22720, DOT",2
0.010929791271347248,"22722, 22907",2
0.019886148007590133,"22722, 22960",2
0.01669829222011385,"22961, 22722",2
0.015028462998102466,"22993, 22722",2
0.01047438330170778,"22722, 47566",2
0.01366223908918406,"22722, 85099B",2
0.014421252371916509,"22722, 85123A",2
0.012751423149905123,"22722, DOT",2
0.01935483870967742,"22726, 22725",2
0.0203415559772296,"22727, 22725",2
0.01571157495256167,"22728, 22725",2
0.010702087286527514,"22725, 22729",2
0.013586337760910816,"22730, 22725",2
0.0450853889943074,"22727, 22726",2
0.030208728652751423,"22728, 22726",2
0.018975332068311195,"22726, 22729",2
0.023908918406072108,"22726, 22730",2
0.011916508538899431,"22726, 22910",2
0.010702087286527514,"22726, 22960",2
0.012979127134724858,"22961, 22726",2
0.01032258064516129,"22993, 22726",2
0.010550284629981024,"22726, 23084",2
0.010246679316888045,"22726, 23203",2
0.011005692599620493,"22726, 23206",2
0.015787476280834916,"47566, 22726",2
0.011233396584440229,"79321, 22726",2
0.01222011385199241,"84692, 22726",2
0.010398481973434535,"84879, 22726",2
0.013130929791271347,"85099B, 22726",2
0.012144212523719165,"85123A, 22726",2
0.03385199240986717,"22727, 22728",2
0.021100569259962048,"22727, 22729",2
0.026565464895635674,"22727, 22730",2
0.0101707779886148,"22727, 22910",2
0.01032258064516129,"22961, 22727",2
0.011005692599620493,"22727, 22993",2
0.0101707779886148,"22727, 23084",2
0.01032258064516129,"22727, 23203",2
0.011992409867172675,"22727, 23206",2
0.0101707779886148,"22727, 23298",2
0.016925996204933586,"22727, 47566",2
0.0101707779886148,"22727, 79321",2
0.011461100569259962,"84692, 22727",2
0.010550284629981024,"22727, 84879",2
0.012371916508538899,"22727, 85099B",2
0.011840607210626186,"22727, 85123A",2
0.014952561669829221,"22728, 22729",2
0.019430740037950665,"22728, 22730",2
0.012599620493358634,"22728, 47566",2
0.013130929791271347,"85099B, 22728",2
0.011005692599620493,"85123A, 22728",2
0.011916508538899431,"22730, 22729",2
0.010246679316888045,"22909, 22734",2
0.011081593927893738,"22910, 22734",2
0.01077798861480076,"22952, 22734",2
0.010018975332068311,"22738, 22736",2
0.011612903225806452,"22739, 22737",2
0.01062618595825427,"22738, 22739",2
0.010702087286527514,"22738, 22910",2
0.01935483870967742,"22746, 22745",2
0.014193548387096775,"22747, 22745",2
0.023074003795066415,"22748, 22745",2
0.013889943074003794,"22747, 22746",2
0.019430740037950665,"22746, 22748",2
0.014193548387096775,"22747, 22748",2
0.01806451612903226,"22750, 22749",2
0.012903225806451613,"22751, 22749",2
0.01366223908918406,"22750, 22751",2
0.010702087286527514,"22753, 22754",2
0.01032258064516129,"22755, 22754",2
0.011612903225806452,"82482, 22766",2
0.010246679316888045,"22766, 82494L",2
0.012296015180265655,"85123A, 22766",2
0.02314990512333966,"85123A, 22804",2
0.011233396584440229,"22814, DOT",2
0.010018975332068311,"22817, 22815",2
0.011764705882352941,"22815, DOT",2
0.011385199240986717,"22818, 22816",2
0.012979127134724858,"22817, DOT",2
0.011688804554079696,"22819, DOT",2
0.010398481973434535,"22835, 22910",2
0.01540796963946869,"22835, 23355",2
0.010094876660341557,"84029E, 22835",2
0.010094876660341557,"85123A, 22835",2
0.013434535104364327,"22845, 22844",2
0.024060721062618595,"22866, 22865",2
0.022314990512333967,"22867, 22865",2
0.011157495256166983,"22865, 22910",2
0.012371916508538899,"22865, 23355",2
0.015939278937381403,"23439, 22865",2
0.0101707779886148,"85099B, 22865",2
0.020721062618595826,"22867, 22866",2
0.0101707779886148,"22866, 22910",2
0.0101707779886148,"22866, 23355",2
0.014800759013282733,"23439, 22866",2
0.012447817836812144,"23439, 22867",2
0.011992409867172675,"85099B, 22900",2
0.011081593927893738,"22900, DOT",2
0.012903225806451613,"22960, 22907",2
0.013738140417457306,"22961, 22907",2
0.012371916508538899,"22993, 22907",2
0.011840607210626186,"47566, 22907",2
0.010094876660341557,"84991, 22907",2
0.010398481973434535,"85099B, 22907",2
0.012979127134724858,"85123A, 22907",2
0.017533206831119544,"22909, 22910",2
0.020113851992409868,"22952, 22909",2
0.01077798861480076,"22961, 22909",2
0.011764705882352941,"22909, 23318",2
0.010702087286527514,"22909, 23344",2
0.01829222011385199,"22952, 22910",2
0.010246679316888045,"22961, 22910",2
0.01062618595825427,"23084, 22910",2
0.010929791271347248,"23313, 22910",2
0.012523719165085389,"22910, 23318",2
0.011309297912713472,"22910, 23344",2
0.0101707779886148,"85099B, 22910",2
0.010702087286527514,"85123A, 22910",2
0.016394686907020874,"22916, 22917",2
0.015787476280834916,"22916, 22918",2
0.015180265654648957,"22919, 22916",2
0.015483870967741935,"22916, 22920",2
0.014041745730550285,"22916, 22921",2
0.016015180265654648,"22917, 22918",2
0.01571157495256167,"22919, 22917",2
0.015863377609108158,"22920, 22917",2
0.01411764705882353,"22921, 22917",2
0.01571157495256167,"22919, 22918",2
0.01571157495256167,"22920, 22918",2
0.014345351043643264,"22921, 22918",2
0.015332068311195445,"22919, 22920",2
0.01411764705882353,"22919, 22921",2
0.01351043643263757,"22920, 22921",2
0.015104364326375712,"22951, 84991",2
0.011992409867172675,"22951, 84992",2
0.010246679316888045,"22952, 22960",2
0.012371916508538899,"22961, 22952",2
0.010246679316888045,"22952, 23301",2
0.011688804554079696,"85099B, 22952",2
0.0101707779886148,"22952, DOT",2
0.03453510436432638,"22961, 22960",2
0.0101707779886148,"22960, 22962",2
0.010246679316888045,"22963, 22960",2
0.013130929791271347,"22960, 22966",2
0.014573055028462997,"22969, 22960",2
0.02314990512333966,"22993, 22960",2
0.011157495256166983,"22960, 23199",2
0.01077798861480076,"22960, 23203",2
0.012447817836812144,"22960, 23245",2
0.010018975332068311,"22960, 23298",2
0.0101707779886148,"22960, 23301",2
0.010702087286527514,"22960, 23307",2
0.016166982922201138,"47566, 22960",2
0.012371916508538899,"82482, 22960",2
0.01032258064516129,"82580, 22960",2
0.0101707779886148,"84032A, 22960",2
0.010094876660341557,"84375, 22960",2
0.012371916508538899,"22960, 84378",2
0.012751423149905123,"22960, 84380",2
0.0101707779886148,"84879, 22960",2
0.012144212523719165,"84946, 22960",2
0.013738140417457306,"84991, 22960",2
0.02178368121442125,"85099B, 22960",2
0.010018975332068311,"22960, 85099C",2
0.018519924098671727,"85123A, 22960",2
0.019278937381404175,"22960, DOT",2
0.011916508538899431,"22961, 22962",2
0.012144212523719165,"22961, 22963",2
0.012903225806451613,"22961, 22966",2
0.013586337760910816,"22961, 22969",2
0.020872865275142316,"22961, 22993",2
0.010550284629981024,"22961, 23084",2
0.011157495256166983,"22961, 23198",2
0.013889943074003794,"22961, 23199",2
0.010550284629981024,"22961, 23201",2
0.01206831119544592,"22961, 23203",2
0.015332068311195445,"22961, 23245",2
0.010702087286527514,"22961, 23293",2
0.010094876660341557,"22961, 23300",2
0.011461100569259962,"22961, 23301",2
0.013206831119544592,"22961, 23307",2
0.014800759013282733,"22961, 47566",2
0.011537001897533207,"22961, 82482",2
0.012447817836812144,"22961, 82580",2
0.011916508538899431,"22961, 84032A",2
0.013055028462998103,"22961, 84378",2
0.012751423149905123,"22961, 84380",2
0.01077798861480076,"22961, 84692",2
0.01267552182163188,"22961, 84946",2
0.011157495256166983,"22961, 84978",2
0.011157495256166983,"22961, 84988",2
0.01411764705882353,"22961, 84991",2
0.023453510436432637,"22961, 85099B",2
0.011840607210626186,"22961, 85099C",2
0.011537001897533207,"22961, 85099F",2
0.01829222011385199,"22961, 85123A",2
0.022314990512333967,"22961, DOT",2
0.016091081593927893,"22963, 22962",2
0.010550284629981024,"84380, 22964",2
0.012903225806451613,"22993, 22966",2
0.010398481973434535,"84375, 22966",2
0.015104364326375712,"22966, 84378",2
0.014648956356736242,"22966, 84380",2
0.010398481973434535,"84991, 22966",2
0.011157495256166983,"85099B, 22966",2
0.010702087286527514,"85123A, 22966",2
0.01032258064516129,"22993, 22969",2
0.01062618595825427,"85099B, 22969",2
0.01222011385199241,"85123A, 22969",2
0.010550284629981024,"22970, 22971",2
0.010550284629981024,"22980, 22979",2
0.01206831119544592,"22993, 22979",2
0.01062618595825427,"22991, 22992",2
0.010246679316888045,"22993, 23084",2
0.01032258064516129,"22993, 23182",2
0.011157495256166983,"23198, 22993",2
0.01267552182163188,"22993, 23199",2
0.012447817836812144,"22993, 23201",2
0.0101707779886148,"23202, 22993",2
0.012144212523719165,"22993, 23203",2
0.011309297912713472,"22993, 23206",2
0.013055028462998103,"22993, 23209",2
0.01267552182163188,"22993, 23245",2
0.012523719165085389,"22993, 23298",2
0.012296015180265655,"22993, 23300",2
0.013434535104364327,"22993, 23301",2
0.013358633776091082,"22993, 23307",2
0.0174573055028463,"22993, 47566",2
0.010398481973434535,"22993, 84375",2
0.011840607210626186,"22993, 84378",2
0.01351043643263757,"22993, 84380",2
0.0101707779886148,"22993, 84946",2
0.01032258064516129,"22993, 84978",2
0.013055028462998103,"22993, 84991",2
0.020189753320683113,"22993, 85099B",2
0.0101707779886148,"22993, 85099C",2
0.01829222011385199,"22993, 85123A",2
0.015635673624288426,"22993, DOT",2
0.010929791271347248,"22994, 22998",2
0.01077798861480076,"22995, 22998",2
0.015635673624288426,"22996, 22998",2
0.01047438330170778,"22996, 23000",2
0.01077798861480076,"22997, 22998",2
0.011005692599620493,"22999, 22998",2
0.011005692599620493,"23000, 22998",2
0.010853889943074005,"85123A, 22998",2
0.012447817836812144,"23199, 23084",2
0.011309297912713472,"23201, 23084",2
0.01267552182163188,"23084, 23203",2
0.01062618595825427,"23206, 23084",2
0.011537001897533207,"23245, 23084",2
0.012903225806451613,"23301, 23084",2
0.010702087286527514,"23084, 23344",2
0.013889943074003794,"85099B, 23084",2
0.010246679316888045,"85123A, 23084",2
0.01267552182163188,"23084, DOT",2
0.010018975332068311,"23127, 23126",2
0.010398481973434535,"23165, 23166",2
0.0225426944971537,"23171, 23170",2
0.01920303605313093,"23172, 23170",2
0.014648956356736242,"23173, 23170",2
0.01351043643263757,"23174, 23170",2
0.012523719165085389,"23175, 23170",2
0.013358633776091082,"23245, 23170",2
0.019810246679316888,"23172, 23171",2
0.011764705882352941,"23173, 23171",2
0.012144212523719165,"23174, 23171",2
0.01047438330170778,"23175, 23171",2
0.011840607210626186,"23245, 23171",2
0.01047438330170778,"23172, 23174",2
0.01669829222011385,"23174, 23173",2
0.01571157495256167,"23175, 23173",2
0.011081593927893738,"23245, 23173",2
0.01685009487666034,"23175, 23174",2
0.01396584440227704,"85099B, 23182",2
0.010018975332068311,"85123A, 23182",2
0.01411764705882353,"23182, DOT",2
0.0101707779886148,"23198, 23245",2
0.010702087286527514,"23198, 23307",2
0.029601518026565465,"23200, 23199",2
0.028311195445920305,"23201, 23199",2
0.02679316888045541,"23202, 23199",2
0.03149905123339659,"23199, 23203",2
0.01776091081593928,"23204, 23199",2
0.01032258064516129,"23205, 23199",2
0.026944971537001896,"23206, 23199",2
0.012979127134724858,"23199, 23207",2
0.015256166982922202,"23199, 23208",2
0.019734345351043642,"23209, 23199",2
0.01267552182163188,"23199, 23245",2
0.013055028462998103,"23199, 23298",2
0.012296015180265655,"23199, 23300",2
0.014421252371916509,"23301, 23199",2
0.011537001897533207,"23199, 23307",2
0.014345351043643264,"23199, 23344",2
0.013358633776091082,"47566, 23199",2
0.01032258064516129,"82482, 23199",2
0.04045540796963947,"85099B, 23199",2
0.021024667931688803,"85099C, 23199",2
0.017077798861480076,"23199, 85099F",2
0.012903225806451613,"85123A, 23199",2
0.01920303605313093,"23199, DOT",2
0.017077798861480076,"23201, 23200",2
0.022922201138519924,"23202, 23200",2
0.027248576850094876,"23200, 23203",2
0.011537001897533207,"23204, 23200",2
0.016925996204933586,"23200, 23206",2
0.01032258064516129,"23200, 23208",2
0.016622390891840606,"23209, 23200",2
0.0101707779886148,"23200, 23301",2
0.010853889943074005,"23200, 23344",2
0.021631878557874764,"85099B, 23200",2
0.011385199240986717,"23200, 85099C",2
0.012751423149905123,"23200, 85099F",2
0.023301707779886147,"23202, 23201",2
0.027096774193548386,"23201, 23203",2
0.011992409867172675,"23204, 23201",2
0.012296015180265655,"23205, 23201",2
0.01700189753320683,"23201, 23206",2
0.018747628083491463,"23201, 23207",2
0.011157495256166983,"23201, 23208",2
0.016394686907020874,"23209, 23201",2
0.011005692599620493,"23201, 23245",2
0.011385199240986717,"23201, 23298",2
0.011157495256166983,"23201, 23301",2
0.010246679316888045,"23201, 23343",2
0.013889943074003794,"23201, 23344",2
0.012296015180265655,"23201, 47566",2
0.03111954459203036,"85099B, 23201",2
0.016546489563567364,"23201, 85099C",2
0.014724857685009488,"23201, 85099F",2
0.011688804554079696,"23201, 85123A",2
0.011309297912713472,"23201, DOT",2
0.03741935483870968,"23202, 23203",2
0.011385199240986717,"23202, 23204",2
0.01760910815939279,"23202, 23206",2
0.011385199240986717,"23202, 23207",2
0.017305502846299812,"23202, 23208",2
0.02155597722960152,"23202, 23209",2
0.010246679316888045,"23202, 23245",2
0.012296015180265655,"23202, 23298",2
0.01062618595825427,"23202, 23300",2
0.012144212523719165,"23202, 23301",2
0.011309297912713472,"23202, 23307",2
0.010094876660341557,"23202, 23343",2
0.013206831119544592,"23202, 23344",2
0.011005692599620493,"23202, 47566",2
0.031878557874762806,"23202, 85099B",2
0.014952561669829221,"23202, 85099C",2
0.01555977229601518,"23202, 85099F",2
0.011840607210626186,"23202, 85123A",2
0.013434535104364327,"23204, 23203",2
0.022922201138519924,"23206, 23203",2
0.014573055028462997,"23207, 23203",2
0.01669829222011385,"23203, 23208",2
0.03696394686907021,"23209, 23203",2
0.010550284629981024,"23240, 23203",2
0.014800759013282733,"23245, 23203",2
0.010018975332068311,"23293, 23203",2
0.018444022770398482,"23298, 23203",2
0.013282732447817837,"23300, 23203",2
0.015635673624288426,"23301, 23203",2
0.014648956356736242,"23307, 23203",2
0.014952561669829221,"23343, 23203",2
0.01889943074003795,"23203, 23344",2
0.01571157495256167,"47566, 23203",2
0.0101707779886148,"84946, 23203",2
0.0428842504743833,"85099B, 23203",2
0.01669829222011385,"85099C, 23203",2
0.01806451612903226,"23203, 85099F",2
0.01647058823529412,"85123A, 23203",2
0.01062618595825427,"DOT, 23203",2
0.01791271347248577,"23205, 23204",2
0.02140417457305503,"23204, 23206",2
0.011688804554079696,"23204, 23207",2
0.012903225806451613,"23204, 23208",2
0.01396584440227704,"23204, 23209",2
0.011309297912713472,"23204, 23298",2
0.013206831119544592,"23204, 47566",2
0.014800759013282733,"23204, 85099B",2
0.01396584440227704,"23205, 23206",2
0.012523719165085389,"23205, 23207",2
0.011005692599620493,"23205, 23208",2
0.0101707779886148,"23205, 23209",2
0.010550284629981024,"23205, 47566",2
0.011385199240986717,"23205, 85099B",2
0.027476280834914612,"23206, 23207",2
0.026869070208728654,"23206, 23208",2
0.0327134724857685,"23209, 23206",2
0.016242884250474383,"23206, 23298",2
0.010094876660341557,"23206, 23300",2
0.011992409867172675,"23206, 23301",2
0.01047438330170778,"23206, 23307",2
0.010094876660341557,"23206, 23344",2
0.018519924098671727,"47566, 23206",2
0.022466793168880457,"85099B, 23206",2
0.010853889943074005,"23206, 85099C",2
0.010702087286527514,"23206, 85099F",2
0.013738140417457306,"85123A, 23206",2
0.02079696394686907,"23207, 23208",2
0.022011385199240986,"23209, 23207",2
0.011233396584440229,"23207, 23298",2
0.011764705882352941,"47566, 23207",2
0.012903225806451613,"85099B, 23207",2
0.02535104364326376,"23209, 23208",2
0.0101707779886148,"47566, 23208",2
0.014193548387096775,"85099B, 23208",2
0.013055028462998103,"23209, 23245",2
0.016546489563567364,"23209, 23298",2
0.010702087286527514,"23209, 23300",2
0.012144212523719165,"23209, 23301",2
0.012979127134724858,"23209, 23307",2
0.011309297912713472,"23209, 23344",2
0.012979127134724858,"23209, 47566",2
0.010094876660341557,"84879, 23209",2
0.023605313092979127,"85099B, 23209",2
0.015256166982922202,"23209, 85123A",2
0.011081593927893738,"23236, 23240",2
0.0101707779886148,"23236, 23245",2
0.012296015180265655,"23240, 23245",2
0.010853889943074005,"23241, 23242",2
0.013738140417457306,"23243, 23245",2
0.01062618595825427,"23293, 23245",2
0.011688804554079696,"23245, 23298",2
0.01077798861480076,"23245, 23300",2
0.01267552182163188,"23301, 23245",2
0.015180265654648957,"23307, 23245",2
0.011309297912713472,"47566, 23245",2
0.014876660341555978,"85099B, 23245",2
0.011612903225806452,"85123A, 23245",2
0.012144212523719165,"23245, DOT",2
0.016394686907020874,"23254, 23256",2
0.013738140417457306,"23263, 23264",2
0.01540796963946869,"23263, 23265",2
0.015939278937381403,"23266, 23263",2
0.014421252371916509,"23265, 23264",2
0.014876660341555978,"23266, 23264",2
0.015939278937381403,"23266, 23265",2
0.012979127134724858,"23284, 23301",2
0.011385199240986717,"23284, 85099B",2
0.011005692599620493,"23285, 23286",2
0.010398481973434535,"23287, 23286",2
0.01062618595825427,"23289, 23290",2
0.011157495256166983,"23291, 23289",2
0.012144212523719165,"23292, 23290",2
0.01032258064516129,"23292, 23291",2
0.018216318785578747,"23293, 23294",2
0.02193548387096774,"23293, 23295",2
0.018747628083491463,"23293, 23296",2
0.012827324478178368,"23293, 23307",2
0.01669829222011385,"23294, 23295",2
0.014573055028462997,"23294, 23296",2
0.016394686907020874,"23295, 23296",2
0.010246679316888045,"23300, 23298",2
0.01222011385199241,"23301, 23298",2
0.011081593927893738,"23307, 23298",2
0.03438330170777989,"47566, 23298",2
0.012751423149905123,"84879, 23298",2
0.01685009487666034,"85099B, 23298",2
0.015863377609108158,"85123A, 23298",2
0.03924098671726755,"23301, 23300",2
0.01062618595825427,"23302, 23300",2
0.010929791271347248,"47566, 23300",2
0.014193548387096775,"85099B, 23300",2
0.013434535104364327,"85123A, 23300",2
0.011764705882352941,"23302, 23301",2
0.0101707779886148,"23301, 23307",2
0.011005692599620493,"23301, 23344",2
0.012751423149905123,"23301, 23355",2
0.011385199240986717,"47566, 23301",2
0.01791271347248577,"85099B, 23301",2
0.015256166982922202,"85123A, 23301",2
0.011688804554079696,"23301, DOT",2
0.011916508538899431,"23307, 23306",2
0.017077798861480076,"23308, 23307",2
0.015635673624288426,"23307, 23309",2
0.014876660341555978,"84991, 23307",2
0.012903225806451613,"85099B, 23307",2
0.011840607210626186,"85123A, 23307",2
0.011612903225806452,"23308, 23309",2
0.010018975332068311,"84991, 23309",2
0.01396584440227704,"23319, 23318",2
0.021024667931688803,"23321, 23322",2
0.014269449715370018,"23321, 85123A",2
0.013814041745730551,"85123A, 23322",2
0.023529411764705882,"23343, 23344",2
0.013889943074003794,"85099B, 23343",2
0.018823529411764704,"85099B, 23344",2
0.011005692599620493,"85123A, 23344",2
0.011081593927893738,"23350, 23349",2
0.014041745730550285,"23349, 23351",2
0.011992409867172675,"23353, 23349",2
0.01267552182163188,"23351, 23352",2
0.012447817836812144,"23351, 23354",2
0.012599620493358634,"23353, 23354",2
0.016774193548387096,"23356, 23355",2
0.01222011385199241,"23367, 23368",2
0.010853889943074005,"23570, 23571",2
0.0101707779886148,"23582, 23581",2
0.011081593927893738,"23583, 23581",2
0.013434535104364327,"47566, 47566B",2
0.010702087286527514,"47590B, 47566",2
0.011081593927893738,"79321, 47566",2
0.014421252371916509,"47566, 82482",2
0.01047438330170778,"47566, 82494L",2
0.013434535104364327,"82583, 47566",2
0.011537001897533207,"47566, 84380",2
0.014269449715370018,"84692, 47566",2
0.0101707779886148,"84755, 47566",2
0.016015180265654648,"84879, 47566",2
0.013055028462998103,"84946, 47566",2
0.013282732447817837,"84978, 47566",2
0.01411764705882353,"84991, 47566",2
0.024743833017077797,"85099B, 47566",2
0.01206831119544592,"47566, 85099C",2
0.013358633776091082,"47566, 85099F",2
0.027703984819734344,"85123A, 47566",2
0.016394686907020874,"47566, DOT",2
0.017533206831119544,"47590B, 47590A",2
0.012144212523719165,"DOT, 47593B",2
0.010929791271347248,"85099B, 48138",2
0.011005692599620493,"85099B, 48185",2
0.013358633776091082,"85099B, 48194",2
0.011081593927893738,"85123A, 48194",2
0.015256166982922202,"82483, 82482",2
0.012979127134724858,"82482, 82484",2
0.014952561669829221,"82486, 82482",2
0.03468690702087286,"82482, 82494L",2
0.010702087286527514,"82482, 82580",2
0.011537001897533207,"84879, 82482",2
0.01062618595825427,"84946, 82482",2
0.021631878557874764,"85099B, 82482",2
0.013206831119544592,"82482, 85099C",2
0.026261859582542693,"85123A, 82482",2
0.017305502846299812,"82482, DOT",2
0.01920303605313093,"82486, 82483",2
0.014041745730550285,"82483, 82494L",2
0.013206831119544592,"82483, 85123A",2
0.010246679316888045,"82486, 82484",2
0.010094876660341557,"82494L, 82484",2
0.014269449715370018,"85123A, 82484",2
0.013586337760910816,"82486, 82494L",2
0.013055028462998103,"82486, 85123A",2
0.010398481973434535,"85099B, 82494L",2
0.022314990512333967,"85123A, 82494L",2
0.012751423149905123,"82552, 82551",2
0.011688804554079696,"82567, DOT",2
0.016015180265654648,"82580, 82578",2
0.012903225806451613,"82581, 82578",2
0.02140417457305503,"82581, 82580",2
0.017685009487666034,"85099B, 82580",2
0.01062618595825427,"82580, 85099C",2
0.015939278937381403,"85123A, 82580",2
0.01905123339658444,"82580, DOT",2
0.010929791271347248,"82582, 85152",2
0.012371916508538899,"85099B, 82583",2
0.01267552182163188,"85123A, 82583",2
0.010398481973434535,"85150, 82583",2
0.012599620493358634,"82583, 85152",2
0.011688804554079696,"82583, DOT",2
0.011233396584440229,"85099B, 82600",2
0.0101707779886148,"85123A, 82600",2
0.012599620493358634,"85152, 82600",2
0.0101707779886148,"84029E, 84029G",2
0.01206831119544592,"84032A, 84032B",2
0.01206831119544592,"85099B, 84032A",2
0.01631878557874763,"84032A, DOT",2
0.011157495256166983,"84375, 84378",2
0.011081593927893738,"84375, 84380",2
0.02269449715370019,"84380, 84378",2
0.011157495256166983,"84991, 84378",2
0.01077798861480076,"84992, 84378",2
0.013358633776091082,"85099B, 84378",2
0.013889943074003794,"85123A, 84378",2
0.012447817836812144,"DOT, 84378",2
0.012371916508538899,"84991, 84380",2
0.013055028462998103,"85099B, 84380",2
0.011916508538899431,"85123A, 84380",2
0.01267552182163188,"84380, DOT",2
0.01032258064516129,"84536A, 85099B",2
0.010246679316888045,"84536A, 85123A",2
0.026110056925996206,"84596F, 84596B",2
0.01540796963946869,"84596G, 84596B",2
0.011840607210626186,"84596L, 84596B",2
0.013434535104364327,"85099B, 84596B",2
0.012979127134724858,"85123A, 84596B",2
0.013130929791271347,"DOT, 84596B",2
0.015028462998102466,"84596F, 84596G",2
0.010398481973434535,"84596L, 84596F",2
0.011309297912713472,"85099B, 84596F",2
0.010929791271347248,"85123A, 84596F",2
0.012144212523719165,"84596F, DOT",2
0.011309297912713472,"84692, 85099B",2
0.011537001897533207,"84692, 85123A",2
0.011688804554079696,"84692, DOT",2
0.011461100569259962,"84755, 85099B",2
0.011005692599620493,"84755, 85123A",2
0.015483870967741935,"85123A, 84836",2
0.012296015180265655,"84946, 84879",2
0.012371916508538899,"85099B, 84879",2
0.023453510436432637,"84879, 85123A",2
0.011081593927893738,"84946, 84947",2
0.010929791271347248,"84978, 84946",2
0.01647058823529412,"85099B, 84946",2
0.016774193548387096,"84946, 85123A",2
0.01715370018975332,"84946, DOT",2
0.01032258064516129,"DOT, 84969",2
0.017533206831119544,"84970L, 84970S",2
0.010702087286527514,"84978, 84970L",2
0.011992409867172675,"85123A, 84970L",2
0.011385199240986717,"84978, 84970S",2
0.01077798861480076,"85099B, 84970S",2
0.014421252371916509,"85123A, 84970S",2
0.013130929791271347,"84978, 85099B",2
0.01647058823529412,"84978, 85123A",2
0.011764705882352941,"84978, DOT",2
0.01032258064516129,"84987, 84991",2
0.014041745730550285,"84988, 85099B",2
0.01555977229601518,"84988, DOT",2
0.02094876660341556,"84992, 84991",2
0.01571157495256167,"85099B, 84991",2
0.015483870967741935,"85123A, 84991",2
0.010398481973434535,"84991, DOT",2
0.012599620493358634,"84992, 85099B",2
0.012599620493358634,"84992, 85123A",2
0.012903225806451613,"84997B, 84997A",2
0.010246679316888045,"84997C, 84997A",2
0.011916508538899431,"84997D, 84997A",2
0.013055028462998103,"84997C, 84997B",2
0.014876660341555978,"84997D, 84997B",2
0.017305502846299812,"84997D, 84997C",2
0.01077798861480076,"85014A, 85014B",2
0.010094876660341557,"85039A, DOT",2
0.011309297912713472,"85049E, 85049A",2
0.011840607210626186,"85066, 85123A",2
0.04189753320683112,"85099B, 85099C",2
0.03901328273244782,"85099B, 85099F",2
0.02937381404174573,"85099B, 85123A",2
0.010094876660341557,"85131D, 85099B",2
0.011081593927893738,"85099B, 85152",2
0.03612903225806452,"85099B, DOT",2
0.019582542694497152,"85099C, 85099F",2
0.013434535104364327,"85123A, 85099C",2
0.02064516129032258,"85099C, DOT",2
0.013814041745730551,"85123A, 85099F",2
0.011764705882352941,"DOT, 85099F",2
0.01062618595825427,"85150, 85123A",2
0.013814041745730551,"85123A, 85152",2
0.016166982922201138,"85123A, DOT",2
0.01032258064516129,"85131D, 85131B",2
0.012827324478178368,"85131B, DOT",2
0.015256166982922202,"85131D, DOT",2
0.011157495256166983,"85150, 85152",2
0.0101707779886148,"85099B, 15036, DOT",3
0.011005692599620493,"20711, 20712, 21928",3
0.01631878557874763,"20711, 21931, 20712",3
0.0101707779886148,"20711, 22379, 20712",3
0.011081593927893738,"22385, 20712, 20711",3
0.015104364326375712,"20711, 20712, 22386",3
0.015028462998102466,"20711, 20712, 22411",3
0.01715370018975332,"20711, 85099B, 20712",3
0.011309297912713472,"20711, 20712, 85099C",3
0.014497153700189754,"20711, 20712, DOT",3
0.010853889943074005,"20711, 21931, 21928",3
0.010929791271347248,"21928, 20711, 22386",3
0.01077798861480076,"20711, 22411, 21928",3
0.012751423149905123,"20711, 85099B, 21928",3
0.010094876660341557,"20711, 21931, 21929",3
0.011309297912713472,"20711, 85099B, 21929",3
0.0101707779886148,"20711, 21930, 21931",3
0.010853889943074005,"20711, 22385, 21931",3
0.015180265654648957,"20711, 21931, 22386",3
0.016015180265654648,"20711, 21931, 22411",3
0.01776091081593928,"20711, 85099B, 21931",3
0.011157495256166983,"20711, 21931, 85099C",3
0.014724857685009488,"20711, 21931, DOT",3
0.010094876660341557,"20711, 22379, 85099B",3
0.010018975332068311,"20711, 22379, DOT",3
0.01077798861480076,"20711, 22385, 22386",3
0.011537001897533207,"20711, 85099B, 22385",3
0.01411764705882353,"20711, 22411, 22386",3
0.01760910815939279,"20711, 85099B, 22386",3
0.011233396584440229,"20711, 85099C, 22386",3
0.013282732447817837,"20711, DOT, 22386",3
0.01631878557874763,"20711, 85099B, 22411",3
0.01062618595825427,"20711, 85099C, 22411",3
0.013889943074003794,"20711, 22411, DOT",3
0.012827324478178368,"20711, 85099B, 85099C",3
0.01631878557874763,"20711, 85099B, DOT",3
0.010550284629981024,"21928, 20712, 20713",3
0.013206831119544592,"21931, 20712, 20713",3
0.012144212523719165,"22386, 20712, 20713",3
0.011992409867172675,"20712, 22411, 20713",3
0.01540796963946869,"85099B, 20712, 20713",3
0.011157495256166983,"20712, 85099C, 20713",3
0.011688804554079696,"20712, DOT, 20713",3
0.01062618595825427,"85099B, 20712, 20719",3
0.01411764705882353,"85099B, 20712, 20725",3
0.011385199240986717,"20726, 85099B, 20712",3
0.010550284629981024,"21080, 20712, DOT",3
0.01047438330170778,"21731, 21931, 20712",3
0.010094876660341557,"21731, 20712, 22386",3
0.010018975332068311,"21731, 20712, 22411",3
0.012447817836812144,"21731, 85099B, 20712",3
0.013206831119544592,"21731, 20712, DOT",3
0.010853889943074005,"20712, 21929, 21928",3
0.014421252371916509,"21931, 20712, 21928",3
0.014345351043643264,"21928, 20712, 22386",3
0.014497153700189754,"20712, 22411, 21928",3
0.01631878557874763,"85099B, 20712, 21928",3
0.011309297912713472,"20712, 85099C, 21928",3
0.012827324478178368,"20712, DOT, 21928",3
0.010094876660341557,"21930, 20712, 21929",3
0.014421252371916509,"21931, 20712, 21929",3
0.01366223908918406,"20712, 21929, 22386",3
0.01411764705882353,"20712, 22411, 21929",3
0.015635673624288426,"85099B, 20712, 21929",3
0.010094876660341557,"21929, 20712, DOT",3
0.014269449715370018,"21930, 21931, 20712",3
0.013206831119544592,"21930, 20712, 22386",3
0.012523719165085389,"21930, 20712, 22411",3
0.0101707779886148,"21930, 20712, 23199",3
0.015104364326375712,"85099B, 21930, 20712",3
0.01032258064516129,"21930, 20712, DOT",3
0.01047438330170778,"21931, 20712, 21935",3
0.010094876660341557,"22197, 21931, 20712",3
0.014193548387096775,"22379, 21931, 20712",3
0.014800759013282733,"22385, 21931, 20712",3
0.021024667931688803,"21931, 20712, 22386",3
0.02079696394686907,"21931, 20712, 22411",3
0.014497153700189754,"21931, 20712, 23199",3
0.01047438330170778,"23201, 21931, 20712",3
0.024667931688804556,"85099B, 21931, 20712",3
0.014876660341555978,"21931, 85099C, 20712",3
0.0101707779886148,"21931, 20712, 85099F",3
0.019582542694497152,"21931, 20712, DOT",3
0.010929791271347248,"85099B, 20712, 21935",3
0.013434535104364327,"20712, 21935, DOT",3
0.011537001897533207,"85099B, 22197, 20712",3
0.012144212523719165,"22197, 20712, DOT",3
0.012979127134724858,"22379, 20712, 22386",3
0.012751423149905123,"22379, 20712, 22411",3
0.015332068311195445,"22379, 20712, 85099B",3
0.015256166982922202,"22379, 20712, DOT",3
0.01062618595825427,"22383, 85099B, 20712",3
0.014648956356736242,"22385, 20712, 22386",3
0.012144212523719165,"22385, 20712, 22411",3
0.01032258064516129,"22385, 20712, 23199",3
0.01647058823529412,"22385, 85099B, 20712",3
0.010929791271347248,"22385, 20712, DOT",3
0.019278937381404175,"20712, 22411, 22386",3
0.01411764705882353,"20712, 23199, 22386",3
0.025806451612903226,"85099B, 20712, 22386",3
0.014876660341555978,"20712, 85099C, 22386",3
0.0174573055028463,"20712, DOT, 22386",3
0.012751423149905123,"23199, 20712, 22411",3
0.022466793168880457,"85099B, 20712, 22411",3
0.014648956356736242,"20712, 85099C, 22411",3
0.01806451612903226,"20712, 22411, DOT",3
0.011309297912713472,"DOT, 20712, 22457",3
0.01062618595825427,"22630, 20712, DOT",3
0.012523719165085389,"22697, 20712, DOT",3
0.011081593927893738,"22699, 20712, DOT",3
0.011309297912713472,"22961, 20712, DOT",3
0.010094876660341557,"23201, 20712, 23199",3
0.017305502846299812,"85099B, 20712, 23199",3
0.012903225806451613,"20712, 23199, DOT",3
0.011005692599620493,"23201, 20712, 85099B",3
0.011385199240986717,"85099B, 20712, 23203",3
0.01047438330170778,"85099B, 20712, 82482",3
0.011309297912713472,"20712, 82482, DOT",3
0.01062618595825427,"20712, 82580, DOT",3
0.017381404174573054,"85099B, 20712, 85099C",3
0.01206831119544592,"85099B, 20712, 85099F",3
0.02049335863377609,"85099B, 20712, DOT",3
0.013282732447817837,"20712, 85099C, DOT",3
0.011385199240986717,"85099B, 20725, 20713",3
0.010246679316888045,"21731, DOT, 20713",3
0.011688804554079696,"21928, 21931, 20713",3
0.010398481973434535,"21928, 22386, 20713",3
0.011081593927893738,"21928, 22411, 20713",3
0.013738140417457306,"21928, 85099B, 20713",3
0.010246679316888045,"85099B, 21929, 20713",3
0.010853889943074005,"85099B, 21930, 20713",3
0.012523719165085389,"22386, 21931, 20713",3
0.012523719165085389,"21931, 22411, 20713",3
0.017305502846299812,"85099B, 21931, 20713",3
0.012447817836812144,"21931, 85099C, 20713",3
0.011840607210626186,"21931, DOT, 20713",3
0.01032258064516129,"21935, DOT, 20713",3
0.011764705882352941,"22379, 85099B, 20713",3
0.011385199240986717,"22379, DOT, 20713",3
0.010853889943074005,"22385, 85099B, 20713",3
0.01077798861480076,"22386, 22411, 20713",3
0.015863377609108158,"22386, 85099B, 20713",3
0.011461100569259962,"22386, 85099C, 20713",3
0.014724857685009488,"85099B, 22411, 20713",3
0.011461100569259962,"85099C, 22411, 20713",3
0.011309297912713472,"22411, DOT, 20713",3
0.01032258064516129,"22961, DOT, 20713",3
0.011081593927893738,"85099B, 23199, 20713",3
0.014497153700189754,"85099B, 85099C, 20713",3
0.010853889943074005,"85099F, 85099B, 20713",3
0.014269449715370018,"85099B, DOT, 20713",3
0.011385199240986717,"85099C, DOT, 20713",3
0.011157495256166983,"85099B, 21931, 20718",3
0.010929791271347248,"85099B, 20718, 22386",3
0.0101707779886148,"85099B, 20718, 22411",3
0.011081593927893738,"85099B, 20718, DOT",3
0.024743833017077797,"20724, 20723, 20719",3
0.014573055028462997,"20723, 20719, 20725",3
0.012827324478178368,"20726, 20723, 20719",3
0.014497153700189754,"20723, 20727, 20719",3
0.014041745730550285,"20723, 20719, 20728",3
0.014193548387096775,"21212, 20723, 20719",3
0.010018975332068311,"20723, 21934, 20719",3
0.01222011385199241,"20723, 22197, 20719",3
0.022770398481973434,"20723, 22355, 20719",3
0.019886148007590133,"22356, 20723, 20719",3
0.011688804554079696,"22382, 20723, 20719",3
0.012827324478178368,"22383, 20723, 20719",3
0.01047438330170778,"20723, 22384, 20719",3
0.012903225806451613,"22423, 20723, 20719",3
0.013814041745730551,"23204, 20723, 20719",3
0.011916508538899431,"23205, 20723, 20719",3
0.011005692599620493,"20719, 20723, 23206",3
0.011461100569259962,"20723, 47566, 20719",3
0.010094876660341557,"84692, 20723, 20719",3
0.011688804554079696,"85099B, 20723, 20719",3
0.0174573055028463,"20724, 20719, 20725",3
0.015028462998102466,"20726, 20719, 20724",3
0.016546489563567364,"20724, 20727, 20719",3
0.014952561669829221,"20724, 20719, 20728",3
0.016091081593927893,"21212, 20719, 20724",3
0.010094876660341557,"20724, 21213, 20719",3
0.01032258064516129,"20724, 21232, 20719",3
0.011764705882352941,"20724, 21931, 20719",3
0.011157495256166983,"20724, 21934, 20719",3
0.012827324478178368,"20724, 22197, 20719",3
0.010018975332068311,"20724, 22326, 20719",3
0.02535104364326376,"20724, 22355, 20719",3
0.02444022770398482,"22356, 20719, 20724",3
0.013282732447817837,"20724, 22382, 20719",3
0.015028462998102466,"22383, 20719, 20724",3
0.011309297912713472,"20724, 22384, 20719",3
0.01366223908918406,"20724, 22423, 20719",3
0.011612903225806452,"20724, 20719, 22661",3
0.010929791271347248,"20724, 20719, 22666",3
0.01077798861480076,"20724, 22726, 20719",3
0.01032258064516129,"20724, 22727, 20719",3
0.016242884250474383,"20724, 23204, 20719",3
0.012371916508538899,"23205, 20719, 20724",3
0.012296015180265655,"20724, 20719, 23206",3
0.012523719165085389,"20724, 47566, 20719",3
0.01047438330170778,"84692, 20719, 20724",3
0.016015180265654648,"20724, 85099B, 20719",3
0.012827324478178368,"20726, 20719, 20725",3
0.013282732447817837,"20727, 20719, 20725",3
0.011461100569259962,"20719, 20725, 20728",3
0.011537001897533207,"21212, 20719, 20725",3
0.016091081593927893,"22355, 20719, 20725",3
0.014345351043643264,"22356, 20719, 20725",3
0.01047438330170778,"22382, 20719, 20725",3
0.013434535104364327,"22383, 20719, 20725",3
0.010246679316888045,"22384, 20719, 20725",3
0.010018975332068311,"22423, 20719, 20725",3
0.010929791271347248,"23204, 20719, 20725",3
0.01047438330170778,"20719, 23206, 20725",3
0.011081593927893738,"85099B, 20719, 20725",3
0.012371916508538899,"20726, 20727, 20719",3
0.01077798861480076,"20726, 20719, 20728",3
0.013814041745730551,"20726, 22355, 20719",3
0.01222011385199241,"20726, 20719, 22356",3
0.01062618595825427,"20726, 22382, 20719",3
0.011764705882352941,"20726, 20719, 22383",3
0.01267552182163188,"20727, 20719, 20728",3
0.010702087286527514,"21212, 20727, 20719",3
0.015028462998102466,"22355, 20727, 20719",3
0.014269449715370018,"22356, 20727, 20719",3
0.011385199240986717,"22382, 20727, 20719",3
0.012751423149905123,"22383, 20727, 20719",3
0.010018975332068311,"20727, 20719, 23206",3
0.01396584440227704,"22355, 20719, 20728",3
0.013130929791271347,"22356, 20719, 20728",3
0.010550284629981024,"22382, 20719, 20728",3
0.011157495256166983,"22383, 20719, 20728",3
0.010018975332068311,"21212, 22197, 20719",3
0.015256166982922202,"21212, 22355, 20719",3
0.014876660341555978,"22356, 20719, 21212",3
0.012751423149905123,"21212, 22423, 20719",3
0.010702087286527514,"21212, 47566, 20719",3
0.010398481973434535,"84692, 20719, 21212",3
0.010550284629981024,"21213, 22355, 20719",3
0.010398481973434535,"22355, 21232, 20719",3
0.011688804554079696,"22355, 21931, 20719",3
0.0101707779886148,"22356, 21931, 20719",3
0.011157495256166983,"85099B, 21931, 20719",3
0.010853889943074005,"22355, 21934, 20719",3
0.011081593927893738,"20719, 21935, DOT",3
0.010550284629981024,"21992, 20719, DOT",3
0.010246679316888045,"21993, 20719, DOT",3
0.013130929791271347,"22355, 22197, 20719",3
0.011537001897533207,"22356, 22197, 20719",3
0.02193548387096774,"22356, 22355, 20719",3
0.012447817836812144,"22382, 22355, 20719",3
0.015028462998102466,"22383, 22355, 20719",3
0.010018975332068311,"22355, 22384, 20719",3
0.013738140417457306,"22423, 22355, 20719",3
0.011081593927893738,"22355, 20719, 22661",3
0.010853889943074005,"22355, 20719, 22666",3
0.010853889943074005,"22355, 22726, 20719",3
0.01571157495256167,"23204, 22355, 20719",3
0.012447817836812144,"23205, 22355, 20719",3
0.011840607210626186,"20719, 22355, 23206",3
0.012371916508538899,"22355, 47566, 20719",3
0.01077798861480076,"84692, 22355, 20719",3
0.012903225806451613,"85099B, 22355, 20719",3
0.011840607210626186,"22356, 22382, 20719",3
0.012979127134724858,"22383, 20719, 22356",3
0.010929791271347248,"22356, 22384, 20719",3
0.012447817836812144,"22356, 22423, 20719",3
0.010018975332068311,"22356, 22726, 20719",3
0.013282732447817837,"22356, 23204, 20719",3
0.011612903225806452,"23205, 20719, 22356",3
0.010929791271347248,"22356, 20719, 23206",3
0.011081593927893738,"22356, 47566, 20719",3
0.011537001897533207,"22356, 85099B, 20719",3
0.011005692599620493,"22383, 22382, 20719",3
0.010550284629981024,"22383, 23204, 20719",3
0.010853889943074005,"22383, 20719, 23206",3
0.010398481973434535,"22423, 47566, 20719",3
0.01032258064516129,"22697, 20719, DOT",3
0.01077798861480076,"22961, 20719, DOT",3
0.010246679316888045,"23205, 23204, 20719",3
0.011992409867172675,"23204, 20719, 23206",3
0.010246679316888045,"84946, 20719, DOT",3
0.011840607210626186,"85099B, 20719, DOT",3
0.017381404174573054,"20723, 20724, 20725",3
0.012979127134724858,"20726, 20723, 20724",3
0.017077798861480076,"20723, 20727, 20724",3
0.01571157495256167,"20723, 20724, 20728",3
0.01540796963946869,"21212, 20723, 20724",3
0.01047438330170778,"20723, 21232, 20724",3
0.0101707779886148,"20723, 20724, 21929",3
0.011157495256166983,"20723, 21931, 20724",3
0.012827324478178368,"20723, 22197, 20724",3
0.025123339658444023,"20723, 22355, 20724",3
0.024364326375711575,"22356, 20723, 20724",3
0.014193548387096775,"20723, 22382, 20724",3
0.014573055028462997,"22383, 20723, 20724",3
0.012751423149905123,"20723, 22384, 20724",3
0.01267552182163188,"22423, 20723, 20724",3
0.010550284629981024,"20723, 20724, 22661",3
0.010702087286527514,"20723, 20724, 22666",3
0.015863377609108158,"23204, 20723, 20724",3
0.012599620493358634,"23205, 20723, 20724",3
0.012979127134724858,"20724, 20723, 23206",3
0.012979127134724858,"20723, 47566, 20724",3
0.010246679316888045,"84692, 20723, 20724",3
0.01540796963946869,"85099B, 20723, 20724",3
0.01032258064516129,"20723, 20724, 85099F",3
0.010929791271347248,"20726, 20723, 20725",3
0.013586337760910816,"20723, 20727, 20725",3
0.011916508538899431,"20723, 20725, 20728",3
0.01062618595825427,"21212, 20723, 20725",3
0.015104364326375712,"20723, 22355, 20725",3
0.01396584440227704,"22356, 20723, 20725",3
0.01077798861480076,"20723, 22382, 20725",3
0.01267552182163188,"22383, 20723, 20725",3
0.011157495256166983,"20723, 22384, 20725",3
0.010094876660341557,"20723, 23206, 20725",3
0.011688804554079696,"20726, 20723, 20727",3
0.01047438330170778,"20726, 20723, 20728",3
0.011916508538899431,"20726, 22355, 20723",3
0.01047438330170778,"20726, 20723, 22356",3
0.010018975332068311,"20726, 22382, 20723",3
0.0101707779886148,"20726, 20723, 22383",3
0.013282732447817837,"20723, 20727, 20728",3
0.010550284629981024,"21212, 20723, 20727",3
0.014800759013282733,"20723, 22355, 20727",3
0.013282732447817837,"22356, 20723, 20727",3
0.012296015180265655,"20723, 22382, 20727",3
0.012371916508538899,"22383, 20723, 20727",3
0.011157495256166983,"20723, 20727, 22384",3
0.010550284629981024,"20723, 20727, 23206",3
0.014041745730550285,"20723, 22355, 20728",3
0.013358633776091082,"22356, 20723, 20728",3
0.011385199240986717,"20723, 22382, 20728",3
0.011081593927893738,"22383, 20723, 20728",3
0.01077798861480076,"20723, 22384, 20728",3
0.01351043643263757,"20723, 22355, 21212",3
0.013586337760910816,"22356, 20723, 21212",3
0.011005692599620493,"21212, 22423, 20723",3
0.0101707779886148,"20723, 22355, 21931",3
0.012371916508538899,"20723, 22355, 22197",3
0.010929791271347248,"20723, 22197, 22356",3
0.02026565464895636,"20723, 22355, 22356",3
0.011992409867172675,"20723, 22382, 22355",3
0.014421252371916509,"22383, 22355, 20723",3
0.01047438330170778,"20723, 22355, 22384",3
0.01206831119544592,"20723, 22423, 22355",3
0.0101707779886148,"20723, 22355, 22661",3
0.014421252371916509,"20723, 23204, 22355",3
0.011688804554079696,"23205, 22355, 20723",3
0.011081593927893738,"20723, 22355, 23206",3
0.011005692599620493,"20723, 22355, 47566",3
0.010398481973434535,"84692, 22355, 20723",3
0.011916508538899431,"20723, 85099B, 22355",3
0.011992409867172675,"20723, 22382, 22356",3
0.011840607210626186,"22383, 20723, 22356",3
0.011688804554079696,"22356, 20723, 22384",3
0.011537001897533207,"22356, 22423, 20723",3
0.012599620493358634,"22356, 23204, 20723",3
0.011385199240986717,"23205, 20723, 22356",3
0.010246679316888045,"22356, 20723, 23206",3
0.011081593927893738,"22356, 20723, 47566",3
0.011385199240986717,"22356, 85099B, 20723",3
0.010550284629981024,"22383, 22382, 20723",3
0.010246679316888045,"22383, 20723, 23206",3
0.010550284629981024,"23205, 23204, 20723",3
0.010550284629981024,"23204, 20723, 23206",3
0.0101707779886148,"85099B, 20723, 85099F",3
0.013055028462998103,"20726, 20724, 20725",3
0.016166982922201138,"20727, 20724, 20725",3
0.01396584440227704,"20724, 20725, 20728",3
0.012523719165085389,"21212, 20724, 20725",3
0.019582542694497152,"22355, 20724, 20725",3
0.0181404174573055,"22356, 20724, 20725",3
0.013130929791271347,"22382, 20724, 20725",3
0.01571157495256167,"22383, 20724, 20725",3
0.013434535104364327,"22384, 20724, 20725",3
0.012827324478178368,"23204, 20724, 20725",3
0.010018975332068311,"23205, 20724, 20725",3
0.013130929791271347,"20724, 23206, 20725",3
0.010550284629981024,"47566, 20724, 20725",3
0.014269449715370018,"85099B, 20724, 20725",3
0.012827324478178368,"20726, 20727, 20724",3
0.010702087286527514,"20726, 20724, 20728",3
0.01366223908918406,"20726, 22355, 20724",3
0.012903225806451613,"20726, 20724, 22356",3
0.010929791271347248,"20726, 22382, 20724",3
0.011916508538899431,"20726, 20724, 22383",3
0.010094876660341557,"20726, 22384, 20724",3
0.014573055028462997,"20727, 20724, 20728",3
0.01206831119544592,"21212, 20727, 20724",3
0.01700189753320683,"22355, 20727, 20724",3
0.017077798861480076,"22356, 20727, 20724",3
0.014345351043643264,"22382, 20727, 20724",3
0.014800759013282733,"22383, 20727, 20724",3
0.012599620493358634,"20727, 22384, 20724",3
0.011385199240986717,"23204, 20727, 20724",3
0.012144212523719165,"20724, 20727, 23206",3
0.011005692599620493,"85099B, 20727, 20724",3
0.010398481973434535,"21212, 20724, 20728",3
0.015939278937381403,"22355, 20724, 20728",3
0.015863377609108158,"22356, 20724, 20728",3
0.012979127134724858,"22382, 20724, 20728",3
0.012599620493358634,"22383, 20724, 20728",3
0.011461100569259962,"22384, 20724, 20728",3
0.010094876660341557,"23204, 20724, 20728",3
0.0101707779886148,"21212, 21213, 20724",3
0.010550284629981024,"21212, 22197, 20724",3
0.015863377609108158,"21212, 22355, 20724",3
0.016394686907020874,"21212, 20724, 22356",3
0.012751423149905123,"21212, 22423, 20724",3
0.011385199240986717,"21212, 47566, 20724",3
0.01032258064516129,"21212, 85099B, 20724",3
0.01032258064516129,"21213, 22355, 20724",3
0.011461100569259962,"22355, 21232, 20724",3
0.010398481973434535,"22356, 21232, 20724",3
0.010398481973434535,"22355, 20724, 21929",3
0.010094876660341557,"22356, 20724, 21929",3
0.01047438330170778,"85099B, 20724, 21929",3
0.013814041745730551,"22355, 21931, 20724",3
0.01267552182163188,"22356, 21931, 20724",3
0.013889943074003794,"85099B, 21931, 20724",3
0.01077798861480076,"22355, 21934, 20724",3
0.011157495256166983,"20724, 21935, DOT",3
0.01062618595825427,"21993, 20724, DOT",3
0.013738140417457306,"22355, 22197, 20724",3
0.013206831119544592,"22356, 22197, 20724",3
0.010550284629981024,"85099B, 22197, 20724",3
0.024667931688804556,"22356, 22355, 20724",3
0.014421252371916509,"22355, 22382, 20724",3
0.017077798861480076,"22383, 22355, 20724",3
0.01267552182163188,"22355, 22384, 20724",3
0.013130929791271347,"22423, 22355, 20724",3
0.011840607210626186,"22355, 20724, 22661",3
0.011688804554079696,"22355, 20724, 22666",3
0.010550284629981024,"22355, 22726, 20724",3
0.0101707779886148,"22355, 20724, 23203",3
0.016774193548387096,"23204, 22355, 20724",3
0.013206831119544592,"23205, 22355, 20724",3
0.013282732447817837,"20724, 22355, 23206",3
0.013130929791271347,"22355, 47566, 20724",3
0.010702087286527514,"84692, 22355, 20724",3
0.015863377609108158,"85099B, 22355, 20724",3
0.010094876660341557,"22355, 85123A, 20724",3
0.014724857685009488,"22356, 22382, 20724",3
0.015635673624288426,"22383, 20724, 22356",3
0.014724857685009488,"22356, 22384, 20724",3
0.011992409867172675,"22356, 20724, 22386",3
0.013434535104364327,"22356, 22423, 20724",3
0.01206831119544592,"22356, 20724, 22661",3
0.010398481973434535,"22356, 20724, 22666",3
0.011233396584440229,"22356, 22726, 20724",3
0.010398481973434535,"22356, 22727, 20724",3
0.0101707779886148,"22356, 20724, 23203",3
0.015939278937381403,"22356, 23204, 20724",3
0.013358633776091082,"23205, 20724, 22356",3
0.012979127134724858,"22356, 23206, 20724",3
0.012979127134724858,"22356, 47566, 20724",3
0.010018975332068311,"84692, 20724, 22356",3
0.016166982922201138,"22356, 85099B, 20724",3
0.010018975332068311,"22379, 20724, 85099B",3
0.012751423149905123,"22383, 22382, 20724",3
0.01062618595825427,"22382, 22384, 20724",3
0.010853889943074005,"20724, 22382, 23206",3
0.01047438330170778,"22383, 22384, 20724",3
0.011157495256166983,"22383, 23204, 20724",3
0.01206831119544592,"22383, 23206, 20724",3
0.01062618595825427,"22383, 85099B, 20724",3
0.014041745730550285,"85099B, 20724, 22386",3
0.010094876660341557,"85099B, 20724, 22411",3
0.0101707779886148,"22697, 20724, DOT",3
0.01077798861480076,"22961, 20724, DOT",3
0.0101707779886148,"23204, 20724, 23199",3
0.011537001897533207,"85099B, 20724, 23199",3
0.012144212523719165,"85099B, 20724, 23203",3
0.012296015180265655,"23205, 23204, 20724",3
0.013586337760910816,"20724, 23204, 23206",3
0.010246679316888045,"23204, 20724, 85099B",3
0.010018975332068311,"20724, 85099B, 85099C",3
0.012523719165085389,"85099B, 20724, 85099F",3
0.010246679316888045,"85099B, 85123A, 20724",3
0.011385199240986717,"85099B, 20724, DOT",3
0.02155597722960152,"20726, 20727, 20725",3
0.02064516129032258,"20726, 20725, 20728",3
0.01062618595825427,"20726, 20725, 21212",3
0.012599620493358634,"20726, 22355, 20725",3
0.01032258064516129,"20726, 20725, 22356",3
0.02269449715370019,"20726, 22382, 20725",3
0.02314990512333966,"20726, 22383, 20725",3
0.021176470588235293,"20726, 22384, 20725",3
0.014800759013282733,"20726, 22662, 20725",3
0.01760910815939279,"20726, 23206, 20725",3
0.011688804554079696,"20726, 20725, 23207",3
0.011081593927893738,"20726, 20725, 23208",3
0.014193548387096775,"20726, 23209, 20725",3
0.013738140417457306,"20726, 85099B, 20725",3
0.024212523719165085,"20727, 20725, 20728",3
0.013055028462998103,"21212, 20727, 20725",3
0.010853889943074005,"21930, 20727, 20725",3
0.012296015180265655,"20727, 21931, 20725",3
0.011005692599620493,"22197, 20727, 20725",3
0.014800759013282733,"22355, 20727, 20725",3
0.012751423149905123,"22356, 20727, 20725",3
0.023908918406072108,"22382, 20727, 20725",3
0.02679316888045541,"22383, 20727, 20725",3
0.02702087286527514,"22384, 20727, 20725",3
0.011916508538899431,"20727, 20725, 22386",3
0.010550284629981024,"22423, 20727, 20725",3
0.014800759013282733,"22662, 20727, 20725",3
0.010550284629981024,"20727, 23199, 20725",3
0.011992409867172675,"20727, 20725, 23203",3
0.010018975332068311,"23204, 20727, 20725",3
0.02026565464895636,"20727, 23206, 20725",3
0.013889943074003794,"20727, 20725, 23207",3
0.014497153700189754,"20727, 20725, 23208",3
0.017305502846299812,"23209, 20727, 20725",3
0.011309297912713472,"20727, 20725, 47566",3
0.017685009487666034,"85099B, 20727, 20725",3
0.011157495256166983,"85123A, 20727, 20725",3
0.010398481973434535,"21212, 20725, 20728",3
0.010094876660341557,"21931, 20725, 20728",3
0.012751423149905123,"22355, 20725, 20728",3
0.011537001897533207,"22356, 20725, 20728",3
0.021859582542694496,"22382, 20725, 20728",3
0.02535104364326376,"22383, 20725, 20728",3
0.02398481973434535,"22384, 20725, 20728",3
0.0101707779886148,"20725, 20728, 22386",3
0.01366223908918406,"22662, 20725, 20728",3
0.017077798861480076,"23206, 20725, 20728",3
0.013130929791271347,"23207, 20725, 20728",3
0.011309297912713472,"20725, 20728, 23208",3
0.012979127134724858,"23209, 20725, 20728",3
0.01047438330170778,"47566, 20725, 20728",3
0.015332068311195445,"85099B, 20725, 20728",3
0.011233396584440229,"21212, 21213, 20725",3
0.01032258064516129,"21212, 22197, 20725",3
0.01222011385199241,"21212, 22355, 20725",3
0.010929791271347248,"22356, 20725, 21212",3
0.011537001897533207,"21212, 22382, 20725",3
0.01222011385199241,"22383, 20725, 21212",3
0.011005692599620493,"21212, 22384, 20725",3
0.010929791271347248,"21212, 22423, 20725",3
0.010246679316888045,"21212, 84991, 20725",3
0.01047438330170778,"21212, 85099B, 20725",3
0.010246679316888045,"20725, 21929, 21928",3
0.013358633776091082,"85099B, 20725, 21928",3
0.013206831119544592,"85099B, 20725, 21929",3
0.011309297912713472,"85099B, 21930, 20725",3
0.015332068311195445,"22383, 21931, 20725",3
0.011764705882352941,"22384, 21931, 20725",3
0.011840607210626186,"21931, 20725, 22386",3
0.01062618595825427,"21931, 22411, 20725",3
0.010018975332068311,"21931, 20725, 23203",3
0.01806451612903226,"85099B, 21931, 20725",3
0.010094876660341557,"21931, 85099C, 20725",3
0.010094876660341557,"21931, 20725, 85099F",3
0.011081593927893738,"22383, 22197, 20725",3
0.011461100569259962,"85099B, 22197, 20725",3
0.01032258064516129,"22197, 20725, DOT",3
0.015104364326375712,"22356, 22355, 20725",3
0.011840607210626186,"22355, 22382, 20725",3
0.016242884250474383,"22383, 22355, 20725",3
0.011764705882352941,"22355, 22384, 20725",3
0.01206831119544592,"23204, 22355, 20725",3
0.011764705882352941,"22355, 23206, 20725",3
0.011916508538899431,"85099B, 22355, 20725",3
0.011005692599620493,"22356, 22382, 20725",3
0.012599620493358634,"22383, 20725, 22356",3
0.011992409867172675,"22356, 22384, 20725",3
0.0101707779886148,"22356, 23206, 20725",3
0.012144212523719165,"22379, 20725, 85099B",3
0.02459203036053131,"22383, 22382, 20725",3
0.02155597722960152,"22382, 22384, 20725",3
0.0174573055028463,"22662, 22382, 20725",3
0.018595825426944972,"22382, 23206, 20725",3
0.012903225806451613,"22382, 20725, 23207",3
0.013130929791271347,"22382, 20725, 23208",3
0.01540796963946869,"23209, 22382, 20725",3
0.014041745730550285,"85099B, 22382, 20725",3
0.0101707779886148,"22382, 85123A, 20725",3
0.02459203036053131,"22383, 22384, 20725",3
0.011688804554079696,"22383, 20725, 22386",3
0.011612903225806452,"22383, 22411, 20725",3
0.0101707779886148,"22383, 22423, 20725",3
0.01715370018975332,"22383, 22662, 20725",3
0.01032258064516129,"22383, 23199, 20725",3
0.011309297912713472,"22383, 20725, 23203",3
0.01062618595825427,"22383, 23204, 20725",3
0.021100569259962048,"22383, 23206, 20725",3
0.014800759013282733,"22383, 20725, 23207",3
0.014345351043643264,"22383, 20725, 23208",3
0.017533206831119544,"22383, 23209, 20725",3
0.012599620493358634,"22383, 47566, 20725",3
0.01889943074003795,"22383, 85099B, 20725",3
0.010929791271347248,"22383, 85123A, 20725",3
0.01411764705882353,"22384, 20725, 22386",3
0.014952561669829221,"22662, 22384, 20725",3
0.011461100569259962,"22384, 20725, 23203",3
0.01776091081593928,"22384, 23206, 20725",3
0.013055028462998103,"22384, 20725, 23207",3
0.011916508538899431,"22384, 20725, 23208",3
0.01791271347248577,"23209, 22384, 20725",3
0.017381404174573054,"85099B, 22384, 20725",3
0.011385199240986717,"85123A, 22384, 20725",3
0.011612903225806452,"22385, 85099B, 20725",3
0.010550284629981024,"20725, 23203, 22386",3
0.01889943074003795,"85099B, 20725, 22386",3
0.014952561669829221,"85099B, 22411, 20725",3
0.010094876660341557,"22423, 47566, 20725",3
0.010246679316888045,"22629, 22630, 20725",3
0.011764705882352941,"22662, 23206, 20725",3
0.010929791271347248,"22662, 20725, 23209",3
0.0101707779886148,"22662, 20725, 85099B",3
0.011005692599620493,"22699, 20725, 22697",3
0.010094876660341557,"22697, 20725, DOT",3
0.01047438330170778,"23200, 23199, 20725",3
0.010018975332068311,"23202, 23199, 20725",3
0.011461100569259962,"20725, 23199, 23203",3
0.013358633776091082,"23206, 23199, 20725",3
0.010246679316888045,"23209, 23199, 20725",3
0.014193548387096775,"85099B, 23199, 20725",3
0.010929791271347248,"23201, 20725, 85099B",3
0.01267552182163188,"23202, 20725, 23203",3
0.01077798861480076,"23202, 23209, 20725",3
0.012447817836812144,"23202, 85099B, 20725",3
0.01206831119544592,"23206, 20725, 23203",3
0.017077798861480076,"23209, 20725, 23203",3
0.017381404174573054,"85099B, 20725, 23203",3
0.01206831119544592,"23204, 23206, 20725",3
0.015028462998102466,"23206, 20725, 23207",3
0.01540796963946869,"23206, 20725, 23208",3
0.019127134724857685,"23209, 23206, 20725",3
0.01062618595825427,"47566, 23206, 20725",3
0.013358633776091082,"85099B, 23206, 20725",3
0.011688804554079696,"20725, 23207, 23208",3
0.011764705882352941,"23209, 20725, 23207",3
0.013814041745730551,"23209, 20725, 23208",3
0.014345351043643264,"23209, 20725, 85099B",3
0.01366223908918406,"85099B, 85099C, 20725",3
0.014193548387096775,"85099B, 20725, 85099F",3
0.011233396584440229,"85099B, 85123A, 20725",3
0.01206831119544592,"85099B, 20725, DOT",3
0.01905123339658444,"20726, 20727, 20728",3
0.011233396584440229,"20726, 22355, 20727",3
0.010094876660341557,"20726, 20727, 22356",3
0.019582542694497152,"20726, 22382, 20727",3
0.020113851992409868,"20726, 20727, 22383",3
0.018444022770398482,"20726, 22384, 20727",3
0.01222011385199241,"20726, 22662, 20727",3
0.015635673624288426,"20726, 20727, 23206",3
0.01077798861480076,"20726, 20727, 23207",3
0.010246679316888045,"20726, 20727, 23208",3
0.011764705882352941,"20726, 23209, 20727",3
0.010094876660341557,"20726, 22355, 20728",3
0.019430740037950665,"20726, 22382, 20728",3
0.019127134724857685,"20726, 22383, 20728",3
0.01776091081593928,"20726, 22384, 20728",3
0.011157495256166983,"20726, 22662, 20728",3
0.014269449715370018,"20726, 23206, 20728",3
0.011005692599620493,"20726, 23207, 20728",3
0.010018975332068311,"20726, 20728, 23208",3
0.010853889943074005,"20726, 85099B, 21931",3
0.011005692599620493,"20726, 22355, 22356",3
0.011916508538899431,"20726, 22355, 22383",3
0.01950664136622391,"20726, 22382, 22383",3
0.017836812144212524,"20726, 22382, 22384",3
0.014876660341555978,"20726, 22662, 22382",3
0.016091081593927893,"20726, 22382, 23206",3
0.011992409867172675,"20726, 22382, 23207",3
0.011081593927893738,"20726, 22382, 23208",3
0.012523719165085389,"20726, 23209, 22382",3
0.01776091081593928,"20726, 22384, 22383",3
0.013282732447817837,"20726, 22662, 22383",3
0.016091081593927893,"20726, 23206, 22383",3
0.011461100569259962,"20726, 22383, 23207",3
0.011840607210626186,"20726, 22383, 23208",3
0.012599620493358634,"20726, 23209, 22383",3
0.01062618595825427,"20726, 85099B, 22383",3
0.011688804554079696,"20726, 22662, 22384",3
0.013358633776091082,"20726, 22384, 23206",3
0.010094876660341557,"20726, 22384, 23207",3
0.011157495256166983,"20726, 23209, 22384",3
0.010094876660341557,"20726, 85099B, 22384",3
0.011461100569259962,"20726, 85099B, 22386",3
0.010018975332068311,"20726, 22662, 23206",3
0.010094876660341557,"20726, 23209, 23203",3
0.012371916508538899,"20726, 23206, 23207",3
0.011385199240986717,"20726, 23206, 23208",3
0.014041745730550285,"20726, 23209, 23206",3
0.01047438330170778,"21212, 20727, 20728",3
0.010094876660341557,"20727, 21931, 20728",3
0.012751423149905123,"22355, 20727, 20728",3
0.011916508538899431,"22356, 20727, 20728",3
0.021480075901328274,"22382, 20727, 20728",3
0.023681214421252372,"22383, 20727, 20728",3
0.02314990512333966,"22384, 20727, 20728",3
0.01206831119544592,"22662, 20727, 20728",3
0.01669829222011385,"20727, 23206, 20728",3
0.012827324478178368,"23207, 20727, 20728",3
0.012144212523719165,"20727, 20728, 23208",3
0.012447817836812144,"23209, 20727, 20728",3
0.011385199240986717,"85099B, 20727, 20728",3
0.011840607210626186,"21212, 21213, 20727",3
0.011385199240986717,"21212, 22355, 20727",3
0.010246679316888045,"22356, 20727, 21212",3
0.01062618595825427,"21212, 22382, 20727",3
0.010853889943074005,"22383, 20727, 21212",3
0.01062618595825427,"20727, 21931, 21930",3
0.010398481973434535,"22384, 20727, 21930",3
0.011612903225806452,"85099B, 21930, 20727",3
0.012523719165085389,"22383, 20727, 21931",3
0.010398481973434535,"20727, 21931, 22384",3
0.013282732447817837,"85099B, 20727, 21931",3
0.0101707779886148,"22383, 22197, 20727",3
0.01396584440227704,"22356, 22355, 20727",3
0.012296015180265655,"22355, 22382, 20727",3
0.014573055028462997,"22383, 22355, 20727",3
0.01062618595825427,"22355, 20727, 22384",3
0.011005692599620493,"23204, 22355, 20727",3
0.011081593927893738,"22355, 20727, 23206",3
0.011233396584440229,"22356, 22382, 20727",3
0.011840607210626186,"22383, 20727, 22356",3
0.010929791271347248,"22356, 20727, 22384",3
0.023529411764705882,"22383, 22382, 20727",3
0.019962049335863378,"22382, 20727, 22384",3
0.014952561669829221,"22662, 22382, 20727",3
0.017381404174573054,"22382, 20727, 23206",3
0.013738140417457306,"22382, 20727, 23207",3
0.012903225806451613,"22382, 20727, 23208",3
0.014800759013282733,"23209, 22382, 20727",3
0.01077798861480076,"85099B, 22382, 20727",3
0.021631878557874764,"22383, 22384, 20727",3
0.014724857685009488,"22383, 22662, 20727",3
0.01032258064516129,"22383, 20727, 23203",3
0.019962049335863378,"22383, 20727, 23206",3
0.015028462998102466,"22383, 20727, 23207",3
0.014421252371916509,"22383, 20727, 23208",3
0.01555977229601518,"22383, 23209, 20727",3
0.011916508538899431,"22383, 20727, 47566",3
0.01366223908918406,"22383, 85099B, 20727",3
0.0101707779886148,"22383, 85123A, 20727",3
0.011764705882352941,"22384, 20727, 22386",3
0.012447817836812144,"22662, 22384, 20727",3
0.01540796963946869,"22384, 20727, 23206",3
0.011916508538899431,"22384, 20727, 23207",3
0.011688804554079696,"22384, 20727, 23208",3
0.015104364326375712,"23209, 22384, 20727",3
0.013889943074003794,"85099B, 22384, 20727",3
0.013738140417457306,"85099B, 20727, 22386",3
0.01062618595825427,"22662, 20727, 23206",3
0.010018975332068311,"22662, 20727, 23209",3
0.010853889943074005,"20727, 23199, 23203",3
0.011157495256166983,"20727, 23206, 23199",3
0.011005692599620493,"23202, 20727, 23203",3
0.01077798861480076,"20727, 23206, 23203",3
0.01396584440227704,"23209, 20727, 23203",3
0.012599620493358634,"85099B, 20727, 23203",3
0.010702087286527514,"23204, 20727, 23206",3
0.014573055028462997,"20727, 23206, 23207",3
0.014573055028462997,"20727, 23206, 23208",3
0.016015180265654648,"23209, 20727, 23206",3
0.011612903225806452,"20727, 23207, 23208",3
0.010398481973434535,"23209, 20727, 23207",3
0.011764705882352941,"23209, 20727, 23208",3
0.010246679316888045,"85099B, 20727, 23209",3
0.010246679316888045,"85099B, 20727, 85099C",3
0.010398481973434535,"85099B, 20727, 85099F",3
0.010246679316888045,"21212, 22355, 20728",3
0.011157495256166983,"22383, 21931, 20728",3
0.011081593927893738,"85099B, 21931, 20728",3
0.014041745730550285,"22356, 22355, 20728",3
0.011612903225806452,"22355, 22382, 20728",3
0.01267552182163188,"22383, 22355, 20728",3
0.010018975332068311,"22355, 22384, 20728",3
0.011081593927893738,"22356, 22382, 20728",3
0.010094876660341557,"22383, 22356, 20728",3
0.01077798861480076,"22356, 22384, 20728",3
0.022390891840607212,"22383, 22382, 20728",3
0.019658444022770397,"22382, 22384, 20728",3
0.013738140417457306,"22662, 22382, 20728",3
0.015483870967741935,"22382, 23206, 20728",3
0.012827324478178368,"22382, 23207, 20728",3
0.011233396584440229,"22382, 20728, 23208",3
0.011233396584440229,"23209, 22382, 20728",3
0.020037950664136623,"22383, 22384, 20728",3
0.013586337760910816,"22383, 22662, 20728",3
0.01806451612903226,"22383, 23206, 20728",3
0.014193548387096775,"22383, 23207, 20728",3
0.012144212523719165,"22383, 20728, 23208",3
0.012371916508538899,"22383, 23209, 20728",3
0.01062618595825427,"22383, 47566, 20728",3
0.01222011385199241,"22383, 85099B, 20728",3
0.01062618595825427,"22384, 20728, 22386",3
0.011081593927893738,"22662, 22384, 20728",3
0.014497153700189754,"22384, 23206, 20728",3
0.01077798861480076,"23207, 22384, 20728",3
0.010246679316888045,"22384, 20728, 23208",3
0.012523719165085389,"23209, 22384, 20728",3
0.012296015180265655,"85099B, 22384, 20728",3
0.012296015180265655,"85099B, 20728, 22386",3
0.0101707779886148,"23206, 23199, 20728",3
0.01047438330170778,"85099B, 23199, 20728",3
0.013055028462998103,"23207, 23206, 20728",3
0.011309297912713472,"23206, 20728, 23208",3
0.01222011385199241,"23209, 23206, 20728",3
0.010094876660341557,"23207, 20728, 23208",3
0.01077798861480076,"85099B, 21033, DOT",3
0.0101707779886148,"85099B, 21035, DOT",3
0.018823529411764704,"21094, 21086, 21080",3
0.010853889943074005,"21212, 21094, 21080",3
0.01062618595825427,"22090, 21094, 21080",3
0.01062618595825427,"21080, 21094, DOT",3
0.010018975332068311,"21080, 21931, DOT",3
0.010094876660341557,"22379, 21080, DOT",3
0.010398481973434535,"85099B, 21080, 22386",3
0.01062618595825427,"85099B, 22411, 21080",3
0.010702087286527514,"22697, 21080, DOT",3
0.012903225806451613,"85099B, 21080, DOT",3
0.010550284629981024,"85099B, 21094, DOT",3
0.013586337760910816,"21175, 21181, 21166",3
0.01267552182163188,"21175, 85152, 21166",3
0.011537001897533207,"85152, 21181, 21166",3
0.010550284629981024,"21175, 85152, 21181",3
0.011081593927893738,"21212, 21213, 21975",3
0.010018975332068311,"21212, 21213, 21977",3
0.01062618595825427,"21212, 21213, 22355",3
0.010018975332068311,"22383, 21213, 21212",3
0.011688804554079696,"21212, 21213, 22417",3
0.014041745730550285,"21212, 21213, 84991",3
0.010094876660341557,"21212, 85099B, 21931",3
0.010018975332068311,"21212, 21935, DOT",3
0.011840607210626186,"21212, 21977, 21975",3
0.010853889943074005,"21212, 21975, 22417",3
0.013358633776091082,"21212, 84991, 21975",3
0.01062618595825427,"21212, 84992, 21975",3
0.01062618595825427,"22951, 21977, 21212",3
0.0101707779886148,"21212, 21977, 22960",3
0.010094876660341557,"22961, 21977, 21212",3
0.01669829222011385,"21212, 84991, 21977",3
0.011840607210626186,"21212, 84992, 21977",3
0.010246679316888045,"21212, 21992, DOT",3
0.0101707779886148,"21212, 22355, 22197",3
0.010246679316888045,"21212, 85099B, 22197",3
0.014269449715370018,"22356, 22355, 21212",3
0.010018975332068311,"22383, 22355, 21212",3
0.011840607210626186,"21212, 22423, 22355",3
0.01062618595825427,"21212, 22355, 47566",3
0.010398481973434535,"84692, 22355, 21212",3
0.011309297912713472,"22356, 22423, 21212",3
0.012371916508538899,"21212, 84991, 22417",3
0.011688804554079696,"21212, 22423, 47566",3
0.010246679316888045,"84692, 22423, 21212",3
0.011233396584440229,"21212, 22423, 84991",3
0.011309297912713472,"22699, 22697, 21212",3
0.010246679316888045,"22697, DOT, 21212",3
0.010929791271347248,"21212, 22727, 22726",3
0.01062618595825427,"22951, 84991, 21212",3
0.011688804554079696,"22961, 22960, 21212",3
0.010018975332068311,"22961, DOT, 21212",3
0.01351043643263757,"21212, 84991, 84992",3
0.011461100569259962,"21212, 85099B, DOT",3
0.010929791271347248,"21216, 85099B, DOT",3
0.011461100569259962,"85099B, 21218, DOT",3
0.011005692599620493,"21731, 21232, DOT",3
0.01077798861480076,"21232, 21935, DOT",3
0.0101707779886148,"22379, 21232, DOT",3
0.01032258064516129,"22697, 21232, DOT",3
0.010929791271347248,"22961, 21232, DOT",3
0.011309297912713472,"85099B, 21232, DOT",3
0.011157495256166983,"21240, 21238, 21239",3
0.010094876660341557,"22961, 21314, DOT",3
0.01062618595825427,"85099B, 21314, DOT",3
0.0101707779886148,"85099B, 21430, 22386",3
0.0101707779886148,"22112, 22111, 21485",3
0.01032258064516129,"21934, 21494, 21935",3
0.01062618595825427,"21934, 21494, DOT",3
0.012827324478178368,"21494, 21935, DOT",3
0.010398481973434535,"22197, 21494, DOT",3
0.01047438330170778,"22961, 21494, DOT",3
0.011309297912713472,"85099B, 21494, DOT",3
0.011840607210626186,"21669, 21668, 21670",3
0.011461100569259962,"21671, 21668, 21669",3
0.011537001897533207,"21669, 21668, 21672",3
0.011081593927893738,"21669, 21668, 21673",3
0.011612903225806452,"21671, 21668, 21670",3
0.010550284629981024,"21670, 21668, 21672",3
0.0101707779886148,"21668, 21673, 21670",3
0.01222011385199241,"21671, 21668, 21672",3
0.01032258064516129,"21668, 21673, 21672",3
0.01062618595825427,"21671, 21669, 21670",3
0.010550284629981024,"21669, 21673, 21670",3
0.01077798861480076,"21671, 21670, 21672",3
0.010018975332068311,"21671, 21673, 21670",3
0.010853889943074005,"21731, 21790, DOT",3
0.01077798861480076,"21731, 85099B, 21928",3
0.011916508538899431,"21731, DOT, 21928",3
0.011840607210626186,"21731, 85099B, 21931",3
0.013814041745730551,"21731, 21931, DOT",3
0.010094876660341557,"21731, 21934, DOT",3
0.0101707779886148,"21731, 22961, 21935",3
0.01062618595825427,"21731, 85099B, 21935",3
0.013586337760910816,"21731, 21935, DOT",3
0.010094876660341557,"21731, 21993, DOT",3
0.010018975332068311,"21731, 22178, DOT",3
0.011840607210626186,"21731, 22197, DOT",3
0.010929791271347248,"21731, 22379, 85099B",3
0.013130929791271347,"21731, 22379, DOT",3
0.011916508538899431,"21731, 85099B, 22386",3
0.013130929791271347,"21731, DOT, 22386",3
0.011688804554079696,"21731, 85099B, 22411",3
0.01351043643263757,"21731, 22411, DOT",3
0.011461100569259962,"21731, DOT, 22457",3
0.010246679316888045,"21731, 22630, DOT",3
0.011461100569259962,"21731, DOT, 22666",3
0.011461100569259962,"21731, 22697, 22699",3
0.010550284629981024,"21731, 85099B, 22697",3
0.014041745730550285,"21731, 22697, DOT",3
0.012296015180265655,"21731, DOT, 22699",3
0.01077798861480076,"21731, 22720, DOT",3
0.011688804554079696,"21731, 22960, DOT",3
0.013130929791271347,"21731, 22961, DOT",3
0.01032258064516129,"21731, 22993, DOT",3
0.010853889943074005,"21731, 85099B, 23199",3
0.011537001897533207,"21731, 23199, DOT",3
0.010094876660341557,"21731, 82580, DOT",3
0.010018975332068311,"21731, 85099B, 85099C",3
0.017685009487666034,"21731, 85099B, DOT",3
0.011233396584440229,"21731, 85099C, DOT",3
0.011688804554079696,"85123A, 21733, 22804",3
0.011005692599620493,"21790, 21935, DOT",3
0.010550284629981024,"21790, DOT, 22697",3
0.01062618595825427,"22961, 21790, DOT",3
0.011688804554079696,"21790, 85099B, DOT",3
0.010853889943074005,"21901, 21899, 21900",3
0.010550284629981024,"21930, 21929, 21928",3
0.014952561669829221,"21931, 21929, 21928",3
0.016091081593927893,"21928, 21929, 22386",3
0.01700189753320683,"22411, 21929, 21928",3
0.011764705882352941,"23199, 21929, 21928",3
0.0101707779886148,"23201, 21929, 21928",3
0.011157495256166983,"21929, 23203, 21928",3
0.02125237191650854,"85099B, 21929, 21928",3
0.012296015180265655,"85099C, 21929, 21928",3
0.011916508538899431,"85099F, 21929, 21928",3
0.011461100569259962,"21930, 21931, 21928",3
0.010853889943074005,"21928, 21930, 22386",3
0.011233396584440229,"21930, 22411, 21928",3
0.013055028462998103,"85099B, 21930, 21928",3
0.011081593927893738,"22385, 21931, 21928",3
0.01715370018975332,"21928, 21931, 22386",3
0.018747628083491463,"21931, 22411, 21928",3
0.011233396584440229,"21931, 23199, 21928",3
0.02125237191650854,"85099B, 21931, 21928",3
0.01411764705882353,"21931, 85099C, 21928",3
0.012903225806451613,"21931, DOT, 21928",3
0.010094876660341557,"21935, DOT, 21928",3
0.01206831119544592,"21928, 22379, 85099B",3
0.010702087286527514,"22379, DOT, 21928",3
0.011233396584440229,"22383, 85099B, 21928",3
0.011916508538899431,"21928, 22385, 22386",3
0.011309297912713472,"22385, 22411, 21928",3
0.01351043643263757,"22385, 85099B, 21928",3
0.017836812144212524,"21928, 22411, 22386",3
0.011688804554079696,"21928, 23199, 22386",3
0.023757115749525617,"21928, 85099B, 22386",3
0.014041745730550285,"21928, 85099C, 22386",3
0.011612903225806452,"21928, DOT, 22386",3
0.012371916508538899,"22411, 23199, 21928",3
0.023301707779886147,"85099B, 22411, 21928",3
0.015256166982922202,"85099C, 22411, 21928",3
0.012827324478178368,"22411, DOT, 21928",3
0.010094876660341557,"22697, DOT, 21928",3
0.015180265654648957,"85099B, 23199, 21928",3
0.011688804554079696,"85099B, 23201, 21928",3
0.010398481973434535,"23202, 23203, 21928",3
0.0101707779886148,"23202, 85099B, 21928",3
0.012827324478178368,"85099B, 23203, 21928",3
0.018444022770398482,"85099B, 85099C, 21928",3
0.013358633776091082,"85099F, 85099B, 21928",3
0.01647058823529412,"85099B, DOT, 21928",3
0.011005692599620493,"85099C, DOT, 21928",3
0.012599620493358634,"21930, 21931, 21929",3
0.010853889943074005,"21930, 21929, 22386",3
0.011992409867172675,"21930, 22411, 21929",3
0.012979127134724858,"85099B, 21930, 21929",3
0.01032258064516129,"22385, 21931, 21929",3
0.016774193548387096,"21931, 21929, 22386",3
0.017988614800759015,"21931, 22411, 21929",3
0.011764705882352941,"21931, 23199, 21929",3
0.02026565464895636,"85099B, 21931, 21929",3
0.01222011385199241,"21931, 85099C, 21929",3
0.010550284629981024,"21931, 21929, 85099F",3
0.011840607210626186,"21929, 21931, DOT",3
0.011081593927893738,"21929, 21935, DOT",3
0.010853889943074005,"22379, 21929, 85099B",3
0.010018975332068311,"22379, DOT, 21929",3
0.010018975332068311,"22383, 85099B, 21929",3
0.0101707779886148,"22385, 21929, 22386",3
0.010018975332068311,"22385, 22411, 21929",3
0.011157495256166983,"22385, 85099B, 21929",3
0.0174573055028463,"22411, 21929, 22386",3
0.011537001897533207,"23199, 21929, 22386",3
0.022011385199240986,"85099B, 21929, 22386",3
0.011916508538899431,"85099C, 21929, 22386",3
0.011233396584440229,"85099F, 21929, 22386",3
0.01222011385199241,"23199, 22411, 21929",3
0.02178368121442125,"85099B, 22411, 21929",3
0.012979127134724858,"85099C, 22411, 21929",3
0.010094876660341557,"22411, 21929, 85099F",3
0.011233396584440229,"21929, 22411, DOT",3
0.015180265654648957,"85099B, 23199, 21929",3
0.011840607210626186,"85099B, 23201, 21929",3
0.011233396584440229,"23202, 21929, 23203",3
0.011764705882352941,"23202, 85099B, 21929",3
0.012979127134724858,"85099B, 21929, 23203",3
0.015332068311195445,"85099B, 85099C, 21929",3
0.01571157495256167,"85099B, 21929, 85099F",3
0.014041745730550285,"85099B, 21929, DOT",3
0.010702087286527514,"22385, 21930, 21931",3
0.015332068311195445,"21930, 21931, 22386",3
0.016015180265654648,"21930, 21931, 22411",3
0.012371916508538899,"21930, 21931, 23199",3
0.019430740037950665,"85099B, 21930, 21931",3
0.013130929791271347,"21930, 21931, 85099C",3
0.011537001897533207,"21930, 21931, DOT",3
0.01077798861480076,"22379, 21930, 85099B",3
0.010398481973434535,"22385, 21930, 22386",3
0.012827324478178368,"22385, 85099B, 21930",3
0.013738140417457306,"21930, 22411, 22386",3
0.011081593927893738,"21930, 23199, 22386",3
0.019278937381404175,"85099B, 21930, 22386",3
0.01222011385199241,"21930, 85099C, 22386",3
0.01047438330170778,"23199, 22411, 21930",3
0.01700189753320683,"85099B, 21930, 22411",3
0.012523719165085389,"21930, 85099C, 22411",3
0.01062618595825427,"21930, 22411, DOT",3
0.013889943074003794,"85099B, 21930, 23199",3
0.010853889943074005,"85099B, 21930, 23203",3
0.014421252371916509,"85099B, 21930, 85099C",3
0.010853889943074005,"85099B, 21930, 85099F",3
0.01222011385199241,"85099B, 21930, DOT",3
0.0101707779886148,"21935, 21931, 22411",3
0.012599620493358634,"85099B, 21931, 21935",3
0.015256166982922202,"21931, 21935, DOT",3
0.010094876660341557,"85099B, 22090, 21931",3
0.010550284629981024,"22090, 21931, DOT",3
0.010094876660341557,"22197, 21931, 22386",3
0.010702087286527514,"22197, 21931, 22411",3
0.013586337760910816,"85099B, 22197, 21931",3
0.013206831119544592,"22197, 21931, DOT",3
0.010929791271347248,"22356, 22355, 21931",3
0.012827324478178368,"85099B, 22355, 21931",3
0.013586337760910816,"22379, 21931, 22386",3
0.012523719165085389,"22379, 21931, 22411",3
0.016242884250474383,"22379, 21931, 85099B",3
0.01571157495256167,"22379, 21931, DOT",3
0.01032258064516129,"22383, 22384, 21931",3
0.012296015180265655,"22383, 21931, 22386",3
0.011537001897533207,"22383, 21931, 22411",3
0.01647058823529412,"22383, 85099B, 21931",3
0.01062618595825427,"22383, 21931, 85099C",3
0.010398481973434535,"22384, 21931, 22386",3
0.01222011385199241,"85099B, 22384, 21931",3
0.015332068311195445,"22385, 21931, 22386",3
0.014876660341555978,"22385, 21931, 22411",3
0.011461100569259962,"22385, 21931, 23199",3
0.019127134724857685,"22385, 85099B, 21931",3
0.01206831119544592,"22385, 21931, 85099C",3
0.011005692599620493,"22385, 21931, DOT",3
0.023377609108159392,"21931, 22411, 22386",3
0.011612903225806452,"22663, 21931, 22386",3
0.016015180265654648,"21931, 23199, 22386",3
0.011537001897533207,"23201, 21931, 22386",3
0.010929791271347248,"21931, 23203, 22386",3
0.03127134724857685,"85099B, 21931, 22386",3
0.017836812144212524,"21931, 85099C, 22386",3
0.012751423149905123,"85099F, 21931, 22386",3
0.017533206831119544,"21931, DOT, 22386",3
0.015256166982922202,"23199, 21931, 22411",3
0.010853889943074005,"23201, 21931, 22411",3
0.010550284629981024,"21931, 22411, 23203",3
0.010094876660341557,"21931, 82482, 22411",3
0.02922201138519924,"85099B, 21931, 22411",3
0.018519924098671727,"21931, 85099C, 22411",3
0.019127134724857685,"21931, 22411, DOT",3
0.0101707779886148,"85099B, 21931, 22457",3
0.010929791271347248,"21931, DOT, 22457",3
0.01062618595825427,"21931, 22502, DOT",3
0.010246679316888045,"22630, 21931, DOT",3
0.013358633776091082,"22663, 21931, 85099B",3
0.01047438330170778,"85099B, 21931, 22666",3
0.011385199240986717,"22699, 21931, 22697",3
0.010550284629981024,"85099B, 21931, 22697",3
0.01366223908918406,"22697, 21931, DOT",3
0.010018975332068311,"22698, 21931, DOT",3
0.010550284629981024,"22699, 85099B, 21931",3
0.012827324478178368,"22699, 21931, DOT",3
0.011081593927893738,"22961, 85099B, 21931",3
0.012144212523719165,"22961, 21931, DOT",3
0.011005692599620493,"21931, 23199, 23200",3
0.01396584440227704,"23201, 21931, 23199",3
0.011537001897533207,"23202, 21931, 23199",3
0.012827324478178368,"21931, 23199, 23203",3
0.010018975332068311,"21931, 23206, 23199",3
0.021024667931688803,"85099B, 21931, 23199",3
0.012827324478178368,"21931, 85099C, 23199",3
0.013282732447817837,"21931, 23199, DOT",3
0.010246679316888045,"21931, 23203, 23200",3
0.010929791271347248,"23201, 21931, 23203",3
0.015635673624288426,"85099B, 21931, 23201",3
0.014421252371916509,"23202, 21931, 23203",3
0.014041745730550285,"23202, 85099B, 21931",3
0.016242884250474383,"85099B, 21931, 23203",3
0.011992409867172675,"85099B, 21931, 82482",3
0.011309297912713472,"21931, 82482, DOT",3
0.010246679316888045,"21931, 82580, DOT",3
0.023605313092979127,"85099B, 21931, 85099C",3
0.017836812144212524,"85099B, 21931, 85099F",3
0.012599620493358634,"85099B, 85123A, 21931",3
0.021480075901328274,"85099B, 21931, DOT",3
0.01077798861480076,"21931, 85099C, 85099F",3
0.013206831119544592,"21931, 85099C, DOT",3
0.0101707779886148,"22197, 21934, 21935",3
0.011688804554079696,"22961, 21934, 21935",3
0.011688804554079696,"85099B, 21934, 21935",3
0.014497153700189754,"21934, 21935, DOT",3
0.010398481973434535,"21993, 21934, DOT",3
0.010702087286527514,"22197, 21934, DOT",3
0.010398481973434535,"22379, 21934, DOT",3
0.010702087286527514,"21934, DOT, 22697",3
0.0101707779886148,"21934, 22960, DOT",3
0.012599620493358634,"22961, 21934, DOT",3
0.01047438330170778,"84032A, 21934, DOT",3
0.012371916508538899,"85099B, 21934, DOT",3
0.011309297912713472,"DOT, 21935, 21990",3
0.011916508538899431,"21992, 21935, DOT",3
0.012447817836812144,"21993, 21935, DOT",3
0.010398481973434535,"22077, 21935, DOT",3
0.010018975332068311,"22086, 21935, DOT",3
0.01062618595825427,"22178, 21935, DOT",3
0.010853889943074005,"22196, 21935, DOT",3
0.010246679316888045,"22961, 22197, 21935",3
0.011081593927893738,"85099B, 22197, 21935",3
0.014269449715370018,"22197, 21935, DOT",3
0.01062618595825427,"22219, 21935, DOT",3
0.011461100569259962,"22355, 21935, DOT",3
0.0101707779886148,"22961, 22379, 21935",3
0.011840607210626186,"22379, 21935, 85099B",3
0.014269449715370018,"22379, 21935, DOT",3
0.011385199240986717,"85099B, 21935, 22386",3
0.01222011385199241,"21935, DOT, 22386",3
0.011309297912713472,"85099B, 21935, 22411",3
0.01351043643263757,"21935, 22411, DOT",3
0.01267552182163188,"DOT, 21935, 22457",3
0.010246679316888045,"22469, 21935, DOT",3
0.011005692599620493,"22630, 21935, DOT",3
0.010550284629981024,"22961, 21935, 22666",3
0.010550284629981024,"85099B, 21935, 22666",3
0.013055028462998103,"21935, DOT, 22666",3
0.011461100569259962,"22699, 21935, 22697",3
0.011157495256166983,"22961, 21935, 22697",3
0.0101707779886148,"85099B, 21935, 22697",3
0.013889943074003794,"22697, 21935, DOT",3
0.010018975332068311,"22961, 21935, 22699",3
0.012903225806451613,"22699, 21935, DOT",3
0.011537001897533207,"22720, 21935, DOT",3
0.010550284629981024,"22817, 21935, DOT",3
0.010550284629981024,"22961, 22960, 21935",3
0.01267552182163188,"22960, 21935, DOT",3
0.01032258064516129,"22961, 84032A, 21935",3
0.011992409867172675,"22961, 85099B, 21935",3
0.015863377609108158,"22961, 21935, DOT",3
0.0101707779886148,"85099B, 23199, 21935",3
0.012296015180265655,"23199, 21935, DOT",3
0.011764705882352941,"82580, 21935, DOT",3
0.012979127134724858,"84032A, 21935, DOT",3
0.011157495256166983,"84946, 21935, DOT",3
0.01889943074003795,"85099B, 21935, DOT",3
0.010550284629981024,"85099C, 21935, DOT",3
0.011005692599620493,"84991, 21977, 21975",3
0.010246679316888045,"84992, 84991, 21975",3
0.0101707779886148,"22699, 21977, 22697",3
0.011840607210626186,"84992, 84991, 21977",3
0.01047438330170778,"85099B, 21977, DOT",3
0.010094876660341557,"21993, 21992, 21990",3
0.01032258064516129,"DOT, 21992, 21990",3
0.010929791271347248,"21993, DOT, 21990",3
0.0101707779886148,"22197, DOT, 21990",3
0.010702087286527514,"22961, DOT, 21990",3
0.01032258064516129,"85099B, DOT, 21990",3
0.011764705882352941,"21993, 21992, DOT",3
0.01047438330170778,"22197, 21992, DOT",3
0.010018975332068311,"22379, 21992, DOT",3
0.010398481973434535,"21992, DOT, 22457",3
0.011081593927893738,"21992, DOT, 22697",3
0.011537001897533207,"22961, 21992, DOT",3
0.012523719165085389,"85099B, 21992, DOT",3
0.010550284629981024,"85123A, 21992, DOT",3
0.010398481973434535,"85131D, 21992, DOT",3
0.010853889943074005,"21993, 22197, DOT",3
0.010702087286527514,"21993, 22355, DOT",3
0.01047438330170778,"21993, DOT, 22457",3
0.011764705882352941,"22697, 21993, DOT",3
0.011916508538899431,"22961, 21993, DOT",3
0.010018975332068311,"21993, 84946, DOT",3
0.011840607210626186,"21993, 85099B, DOT",3
0.0101707779886148,"21993, 85123A, DOT",3
0.010094876660341557,"85131D, 21993, DOT",3
0.010398481973434535,"22699, 22077, 22697",3
0.010550284629981024,"22961, 22077, 22960",3
0.011081593927893738,"22961, 22077, DOT",3
0.011081593927893738,"22077, DOT, 85099B",3
0.011840607210626186,"22086, 22197, 22910",3
0.010398481973434535,"22086, 22577, 22578",3
0.010018975332068311,"22086, 22726, 22910",3
0.012751423149905123,"22086, 22909, 22910",3
0.011233396584440229,"22086, 22952, 22909",3
0.013738140417457306,"22086, 22952, 22910",3
0.012599620493358634,"85099B, 22090, DOT",3
0.011688804554079696,"22112, 22111, 22835",3
0.01351043643263757,"22112, 22114, 22835",3
0.011612903225806452,"22112, 22114, 23355",3
0.0101707779886148,"22112, 22835, 23355",3
0.011233396584440229,"22142, 22141, 22144",3
0.010094876660341557,"85099B, 22161, DOT",3
0.01032258064516129,"22178, DOT, 22457",3
0.011537001897533207,"22699, 22178, 22697",3
0.010929791271347248,"22697, 22178, DOT",3
0.010018975332068311,"DOT, 22960, 22178",3
0.010550284629981024,"22961, 22178, DOT",3
0.011688804554079696,"85099B, 22178, DOT",3
0.010094876660341557,"22196, 22197, DOT",3
0.01032258064516129,"22196, 22379, DOT",3
0.0101707779886148,"22697, 22196, DOT",3
0.0101707779886148,"22961, 22196, DOT",3
0.012599620493358634,"22196, 85099B, DOT",3
0.011992409867172675,"22356, 22355, 22197",3
0.010018975332068311,"85099B, 22197, 22355",3
0.011005692599620493,"22379, 22197, 85099B",3
0.012523719165085389,"22379, 22197, DOT",3
0.012599620493358634,"85099B, 22197, 22386",3
0.011612903225806452,"22197, DOT, 22386",3
0.012523719165085389,"85099B, 22197, 22411",3
0.012447817836812144,"22197, 22411, DOT",3
0.010018975332068311,"85099B, 22197, 22457",3
0.011764705882352941,"22197, DOT, 22457",3
0.010246679316888045,"22961, 22197, 22666",3
0.01077798861480076,"22197, DOT, 22666",3
0.012751423149905123,"22699, 22197, 22697",3
0.0101707779886148,"85099B, 22197, 22697",3
0.013358633776091082,"22697, 22197, DOT",3
0.01206831119544592,"22699, 22197, DOT",3
0.011309297912713472,"22961, 22197, 22960",3
0.01047438330170778,"22197, 22960, DOT",3
0.01062618595825427,"22961, 85099B, 22197",3
0.012903225806451613,"22961, 22197, DOT",3
0.01047438330170778,"22197, 82580, DOT",3
0.010018975332068311,"84946, 22197, DOT",3
0.010094876660341557,"85099B, 22197, 85099C",3
0.01032258064516129,"85099B, 22197, 85123A",3
0.017685009487666034,"85099B, 22197, DOT",3
0.01047438330170778,"22219, DOT, 22697",3
0.012599620493358634,"85099B, 22219, DOT",3
0.012599620493358634,"22356, 22355, 22382",3
0.014345351043643264,"22383, 22355, 22356",3
0.011461100569259962,"22356, 22355, 22384",3
0.011992409867172675,"22356, 22423, 22355",3
0.01032258064516129,"22356, 22355, 22661",3
0.01032258064516129,"22356, 22355, 22726",3
0.013586337760910816,"22356, 23204, 22355",3
0.01222011385199241,"23205, 22355, 22356",3
0.011005692599620493,"22356, 22355, 23206",3
0.011081593927893738,"22356, 22355, 47566",3
0.011537001897533207,"22356, 85099B, 22355",3
0.012371916508538899,"22383, 22355, 22382",3
0.010853889943074005,"22383, 22355, 22384",3
0.011461100569259962,"22383, 23204, 22355",3
0.010398481973434535,"22383, 22355, 23205",3
0.012751423149905123,"22383, 22355, 23206",3
0.0101707779886148,"22383, 85099B, 22355",3
0.011233396584440229,"85099B, 22355, 22386",3
0.010018975332068311,"85099B, 22355, 22411",3
0.010018975332068311,"22961, 22355, DOT",3
0.012447817836812144,"23205, 23204, 22355",3
0.01267552182163188,"23204, 22355, 23206",3
0.011612903225806452,"85099B, 22355, DOT",3
0.01062618595825427,"22383, 22382, 22356",3
0.011309297912713472,"22356, 85099B, 22386",3
0.010550284629981024,"23205, 23204, 22356",3
0.011005692599620493,"22356, 23204, 23206",3
0.010246679316888045,"22381, 22379, 22386",3
0.012371916508538899,"22381, 22379, 85099B",3
0.010853889943074005,"22385, 22379, 85099B",3
0.012296015180265655,"22379, 22411, 22386",3
0.018444022770398482,"22379, 85099B, 22386",3
0.010246679316888045,"22379, 85099C, 22386",3
0.014497153700189754,"22379, DOT, 22386",3
0.015332068311195445,"22379, 22411, 85099B",3
0.014800759013282733,"22379, 22411, DOT",3
0.010246679316888045,"22379, 22457, 85099B",3
0.011916508538899431,"22379, DOT, 22457",3
0.011081593927893738,"22379, 22630, DOT",3
0.0101707779886148,"22379, 22666, 85099B",3
0.011764705882352941,"22379, DOT, 22666",3
0.01047438330170778,"22699, 22379, 22697",3
0.013206831119544592,"22379, DOT, 22697",3
0.011840607210626186,"22699, 22379, DOT",3
0.011005692599620493,"22379, 22720, DOT",3
0.011081593927893738,"22379, 22960, DOT",3
0.010929791271347248,"22961, 22379, 85099B",3
0.013130929791271347,"22961, 22379, DOT",3
0.011157495256166983,"22379, 23199, 85099B",3
0.01062618595825427,"22379, 23199, DOT",3
0.01032258064516129,"22379, 82482, DOT",3
0.01032258064516129,"22379, 82580, DOT",3
0.01222011385199241,"22379, 85099C, 85099B",3
0.019278937381404175,"22379, DOT, 85099B",3
0.011309297912713472,"22379, 85099C, DOT",3
0.012523719165085389,"22381, 85099B, 22386",3
0.01047438330170778,"22381, 85099B, DOT",3
0.017381404174573054,"22383, 22382, 22384",3
0.016394686907020874,"22383, 22662, 22382",3
0.017836812144212524,"22383, 22382, 23206",3
0.014573055028462997,"22383, 22382, 23207",3
0.014269449715370018,"22383, 22382, 23208",3
0.01396584440227704,"22383, 23209, 22382",3
0.011081593927893738,"22383, 85099B, 22382",3
0.010018975332068311,"22383, 22382, 85123A",3
0.013206831119544592,"22662, 22382, 22384",3
0.013586337760910816,"22382, 22384, 23206",3
0.010853889943074005,"22382, 22384, 23207",3
0.012447817836812144,"23209, 22382, 22384",3
0.010929791271347248,"22629, 22382, 22630",3
0.011233396584440229,"22662, 22382, 23206",3
0.011081593927893738,"22662, 22382, 23209",3
0.010550284629981024,"22382, 23206, 23199",3
0.01206831119544592,"23209, 22382, 23203",3
0.014193548387096775,"22382, 23206, 23207",3
0.012827324478178368,"22382, 23206, 23208",3
0.014952561669829221,"23209, 22382, 23206",3
0.010853889943074005,"22382, 23207, 23208",3
0.010550284629981024,"23209, 22382, 23207",3
0.011385199240986717,"23209, 22382, 23208",3
0.010018975332068311,"22383, 22384, 22386",3
0.013206831119544592,"22383, 22662, 22384",3
0.015483870967741935,"22383, 22384, 23206",3
0.01222011385199241,"22383, 22384, 23207",3
0.01077798861480076,"22383, 22384, 23208",3
0.013889943074003794,"22383, 23209, 22384",3
0.01206831119544592,"22383, 85099B, 22384",3
0.01411764705882353,"22383, 85099B, 22386",3
0.013055028462998103,"22383, 85099B, 22411",3
0.011233396584440229,"22383, 22662, 23206",3
0.0101707779886148,"22383, 22662, 23209",3
0.011688804554079696,"22383, 23206, 23199",3
0.011233396584440229,"22383, 85099B, 23199",3
0.010018975332068311,"23202, 22383, 23203",3
0.010246679316888045,"22383, 23206, 23203",3
0.012903225806451613,"22383, 23209, 23203",3
0.011612903225806452,"22383, 85099B, 23203",3
0.011157495256166983,"22383, 23204, 23206",3
0.015180265654648957,"22383, 23206, 23207",3
0.015256166982922202,"22383, 23206, 23208",3
0.01669829222011385,"22383, 23209, 23206",3
0.010018975332068311,"22383, 47566, 23206",3
0.01047438330170778,"22383, 85099B, 23206",3
0.012144212523719165,"22383, 23207, 23208",3
0.01032258064516129,"22383, 23209, 23207",3
0.012144212523719165,"22383, 23209, 23208",3
0.011081593927893738,"22383, 85099B, 85099C",3
0.010018975332068311,"22383, 85099B, 85099F",3
0.01032258064516129,"22383, 85099B, DOT",3
0.016242884250474383,"85099B, 22384, 22386",3
0.010018975332068311,"22384, 23206, 23199",3
0.011537001897533207,"85099B, 22384, 23199",3
0.01267552182163188,"23209, 22384, 23203",3
0.011309297912713472,"85099B, 22384, 23203",3
0.012371916508538899,"22384, 23206, 23207",3
0.011612903225806452,"22384, 23206, 23208",3
0.014800759013282733,"23209, 22384, 23206",3
0.01062618595825427,"23209, 22384, 23208",3
0.01062618595825427,"85099B, 22384, 85099F",3
0.013814041745730551,"22385, 22411, 22386",3
0.010550284629981024,"22385, 23199, 22386",3
0.019810246679316888,"22385, 85099B, 22386",3
0.011385199240986717,"22385, 85099C, 22386",3
0.010246679316888045,"22385, DOT, 22386",3
0.015939278937381403,"22385, 85099B, 22411",3
0.01077798861480076,"22385, 85099C, 22411",3
0.010018975332068311,"22385, 22411, DOT",3
0.010094876660341557,"22385, 22663, 85099B",3
0.012751423149905123,"22385, 85099B, 23199",3
0.0101707779886148,"22385, 85099B, 23203",3
0.01366223908918406,"22385, 85099B, 85099C",3
0.01077798861480076,"22385, 85099B, 85099F",3
0.01222011385199241,"22385, 85099B, DOT",3
0.014497153700189754,"23199, 22411, 22386",3
0.02823529411764706,"85099B, 22411, 22386",3
0.017836812144212524,"85099C, 22411, 22386",3
0.016774193548387096,"22411, DOT, 22386",3
0.011233396584440229,"85099B, 22457, 22386",3
0.010094876660341557,"85099B, 22630, 22386",3
0.013206831119544592,"22663, 85099B, 22386",3
0.010094876660341557,"85099B, 22666, 22386",3
0.011005692599620493,"22697, DOT, 22386",3
0.01062618595825427,"22699, DOT, 22386",3
0.010702087286527514,"22961, 85099B, 22386",3
0.011537001897533207,"23200, 23199, 22386",3
0.011916508538899431,"23201, 23199, 22386",3
0.011005692599620493,"23202, 23199, 22386",3
0.012296015180265655,"23199, 23203, 22386",3
0.02170777988614801,"85099B, 23199, 22386",3
0.012296015180265655,"85099C, 23199, 22386",3
0.010702087286527514,"23199, DOT, 22386",3
0.010398481973434535,"23200, 23203, 22386",3
0.01077798861480076,"85099B, 23200, 22386",3
0.01540796963946869,"85099B, 23201, 22386",3
0.013130929791271347,"23202, 23203, 22386",3
0.014648956356736242,"23202, 85099B, 22386",3
0.011081593927893738,"23209, 23203, 22386",3
0.017988614800759015,"85099B, 23203, 22386",3
0.011688804554079696,"85099B, 82482, 22386",3
0.02398481973434535,"85099B, 85099C, 22386",3
0.020721062618595826,"85099F, 85099B, 22386",3
0.01032258064516129,"85099B, 85123A, 22386",3
0.02094876660341556,"85099B, DOT, 22386",3
0.01062618595825427,"85099F, 85099C, 22386",3
0.01222011385199241,"85099C, DOT, 22386",3
0.01077798861480076,"22663, 22411, 85099B",3
0.011081593927893738,"22699, 22411, 22697",3
0.010702087286527514,"85099B, 22411, 22697",3
0.012523719165085389,"DOT, 22411, 22697",3
0.010094876660341557,"22699, 85099B, 22411",3
0.011992409867172675,"22699, 22411, DOT",3
0.0101707779886148,"22961, 85099B, 22411",3
0.011233396584440229,"22961, 22411, DOT",3
0.011764705882352941,"23201, 23199, 22411",3
0.011385199240986717,"23199, 22411, 23203",3
0.01829222011385199,"85099B, 23199, 22411",3
0.012599620493358634,"23199, 85099C, 22411",3
0.012371916508538899,"23199, 22411, DOT",3
0.010094876660341557,"23200, 22411, 23203",3
0.01396584440227704,"85099B, 22411, 23201",3
0.013358633776091082,"23202, 22411, 23203",3
0.012827324478178368,"23202, 85099B, 22411",3
0.010246679316888045,"23209, 22411, 23203",3
0.015180265654648957,"85099B, 22411, 23203",3
0.012296015180265655,"85099B, 82482, 22411",3
0.011461100569259962,"82482, 22411, DOT",3
0.02284629981024668,"85099B, 85099C, 22411",3
0.012827324478178368,"85099B, 22411, 85099F",3
0.02094876660341556,"85099B, 22411, DOT",3
0.013130929791271347,"85099C, 22411, DOT",3
0.023908918406072108,"22423, 22698, 22697",3
0.028690702087286527,"22699, 22423, 22697",3
0.011157495256166983,"22423, 22960, 22697",3
0.01062618595825427,"22961, 22423, 22697",3
0.010246679316888045,"22697, 22423, 23171",3
0.011309297912713472,"22423, 85123A, 22697",3
0.01077798861480076,"22697, 22423, DOT",3
0.023225806451612905,"22699, 22423, 22698",3
0.01062618595825427,"22699, 22423, 22960",3
0.011764705882352941,"22699, 22423, 23170",3
0.011233396584440229,"22699, 22423, 23173",3
0.0101707779886148,"22699, 22423, 85123A",3
0.013282732447817837,"22727, 22726, 22423",3
0.01062618595825427,"22727, 22728, 22423",3
0.011764705882352941,"22961, 22423, 22960",3
0.011005692599620493,"23171, 22423, 23170",3
0.010094876660341557,"23172, 22423, 23171",3
0.01077798861480076,"22423, 23174, 23173",3
0.010018975332068311,"23175, 23174, 22423",3
0.010246679316888045,"85099B, 22456, DOT",3
0.0101707779886148,"22469, 22470, 22457",3
0.011005692599620493,"22469, 85123A, 22457",3
0.01032258064516129,"22469, DOT, 22457",3
0.011157495256166983,"DOT, 22457, 22666",3
0.011840607210626186,"22697, 22457, 22699",3
0.012903225806451613,"22697, DOT, 22457",3
0.011385199240986717,"22699, DOT, 22457",3
0.010398481973434535,"22961, 22960, 22457",3
0.011916508538899431,"DOT, 22960, 22457",3
0.01206831119544592,"22961, DOT, 22457",3
0.010094876660341557,"DOT, 82580, 22457",3
0.010246679316888045,"84032A, DOT, 22457",3
0.01062618595825427,"85099B, 85123A, 22457",3
0.015483870967741935,"85099B, DOT, 22457",3
0.010398481973434535,"85123A, DOT, 22457",3
0.013889943074003794,"22469, 85123A, 22470",3
0.010018975332068311,"22699, 22469, 22697",3
0.011157495256166983,"22697, 22469, DOT",3
0.01032258064516129,"22961, 22469, DOT",3
0.012371916508538899,"85099B, 22469, DOT",3
0.01032258064516129,"85099B, DOT, 22501",3
0.01206831119544592,"85099B, 22502, DOT",3
0.010094876660341557,"22555, 22551, 22554",3
0.013358633776091082,"22556, 22551, 22554",3
0.010853889943074005,"22555, 22551, 22556",3
0.010550284629981024,"22555, 22554, 22556",3
0.010246679316888045,"22570, 22569, 22568",3
0.01700189753320683,"22577, 22578, 22579",3
0.01351043643263757,"22629, 22630, 22659",3
0.011005692599620493,"22629, 85099B, 22630",3
0.01077798861480076,"22629, 85099B, DOT",3
0.01047438330170778,"22699, 22630, 22697",3
0.01047438330170778,"22630, DOT, 22697",3
0.0101707779886148,"22961, 22630, DOT",3
0.013358633776091082,"85099B, 22630, DOT",3
0.010702087286527514,"22632, 22865, 22866",3
0.010094876660341557,"22866, 22633, 22865",3
0.01077798861480076,"85099B, 22659, DOT",3
0.010246679316888045,"22662, 23206, 23209",3
0.010094876660341557,"22698, 22697, 22666",3
0.01267552182163188,"22699, 22697, 22666",3
0.01032258064516129,"22960, 22697, 22666",3
0.010550284629981024,"22961, 22697, 22666",3
0.012751423149905123,"22697, DOT, 22666",3
0.010929791271347248,"22699, DOT, 22666",3
0.011840607210626186,"22722, 22720, 22666",3
0.013434535104364327,"22960, 22666, 22720",3
0.013358633776091082,"22961, 22720, 22666",3
0.01062618595825427,"22993, 22720, 22666",3
0.0101707779886148,"22720, DOT, 22666",3
0.015180265654648957,"22961, 22960, 22666",3
0.01032258064516129,"22993, 22960, 22666",3
0.010550284629981024,"85099B, 22960, 22666",3
0.011537001897533207,"DOT, 22960, 22666",3
0.01047438330170778,"22961, 22993, 22666",3
0.011081593927893738,"22961, 85099B, 22666",3
0.013055028462998103,"22961, DOT, 22666",3
0.01396584440227704,"85099B, DOT, 22666",3
0.037722960151802654,"22699, 22698, 22697",3
0.01062618595825427,"22698, 22720, 22697",3
0.011916508538899431,"22698, 22960, 22697",3
0.011764705882352941,"22961, 22698, 22697",3
0.013055028462998103,"22697, 22698, 23170",3
0.013814041745730551,"22697, 22698, 23171",3
0.01222011385199241,"23172, 22698, 22697",3
0.011385199240986717,"22698, 23173, 22697",3
0.0101707779886148,"22698, 23174, 22697",3
0.01222011385199241,"22698, 23245, 22697",3
0.012296015180265655,"85099B, 22698, 22697",3
0.01351043643263757,"22697, 22698, DOT",3
0.013130929791271347,"22699, 22720, 22697",3
0.01571157495256167,"22699, 22960, 22697",3
0.015180265654648957,"22961, 22697, 22699",3
0.01077798861480076,"22699, 22993, 22697",3
0.015028462998102466,"22697, 23170, 22699",3
0.014800759013282733,"22697, 23171, 22699",3
0.01206831119544592,"22699, 23172, 22697",3
0.012599620493358634,"22699, 23173, 22697",3
0.011005692599620493,"22699, 23174, 22697",3
0.010018975332068311,"22699, 23175, 22697",3
0.013055028462998103,"22699, 23245, 22697",3
0.012599620493358634,"22699, 47566, 22697",3
0.010550284629981024,"22699, 82482, 22697",3
0.014876660341555978,"22699, 85099B, 22697",3
0.013055028462998103,"22699, 85123A, 22697",3
0.017685009487666034,"22697, DOT, 22699",3
0.011005692599620493,"22697, 22720, DOT",3
0.011992409867172675,"22961, 22960, 22697",3
0.010018975332068311,"85099B, 22960, 22697",3
0.01267552182163188,"DOT, 22960, 22697",3
0.01062618595825427,"22961, 85099B, 22697",3
0.014648956356736242,"22961, 22697, DOT",3
0.010398481973434535,"22697, 22993, DOT",3
0.014876660341555978,"23171, 22697, 23170",3
0.012296015180265655,"22697, 23172, 23170",3
0.013055028462998103,"22697, 23172, 23171",3
0.010246679316888045,"22697, 23199, DOT",3
0.011157495256166983,"DOT, 82580, 22697",3
0.01062618595825427,"22697, 84032A, DOT",3
0.010702087286527514,"22697, 84946, DOT",3
0.017229601518026567,"22697, 85099B, DOT",3
0.01032258064516129,"22697, 85099C, DOT",3
0.01047438330170778,"85123A, DOT, 22697",3
0.010853889943074005,"22699, 22698, 22720",3
0.011612903225806452,"22699, 22698, 22960",3
0.011081593927893738,"22961, 22698, 22699",3
0.013738140417457306,"22699, 22698, 23170",3
0.013055028462998103,"22699, 22698, 23171",3
0.012296015180265655,"22699, 23172, 22698",3
0.011688804554079696,"22699, 22698, 23173",3
0.010398481973434535,"22699, 22698, 23174",3
0.012144212523719165,"22699, 22698, 23245",3
0.011537001897533207,"22699, 85099B, 22698",3
0.012751423149905123,"22699, 22698, DOT",3
0.010018975332068311,"22961, 22698, DOT",3
0.012599620493358634,"23171, 22698, 23170",3
0.01206831119544592,"23172, 22698, 23170",3
0.012523719165085389,"23172, 22698, 23171",3
0.011840607210626186,"85099B, 22698, DOT",3
0.011157495256166983,"22961, 22960, 22699",3
0.011081593927893738,"22699, 22960, DOT",3
0.012599620493358634,"22961, DOT, 22699",3
0.015256166982922202,"23171, 23170, 22699",3
0.013358633776091082,"22699, 23172, 23170",3
0.010550284629981024,"22699, 23173, 23170",3
0.013130929791271347,"22699, 23172, 23171",3
0.011081593927893738,"22699, 23174, 23173",3
0.010246679316888045,"22699, 23175, 23174",3
0.015256166982922202,"22699, 85099B, DOT",3
0.013206831119544592,"22722, 22960, 22720",3
0.011537001897533207,"22961, 22722, 22720",3
0.015483870967741935,"22961, 22960, 22720",3
0.011081593927893738,"22993, 22960, 22720",3
0.01062618595825427,"22960, DOT, 22720",3
0.011309297912713472,"22961, 22720, DOT",3
0.012144212523719165,"85099B, 22720, DOT",3
0.01047438330170778,"22961, 22722, 22960",3
0.015863377609108158,"22727, 22726, 22725",3
0.011005692599620493,"22728, 22726, 22725",3
0.01047438330170778,"22726, 22730, 22725",3
0.012447817836812144,"22727, 22728, 22725",3
0.010929791271347248,"22727, 22730, 22725",3
0.02284629981024668,"22727, 22728, 22726",3
0.014724857685009488,"22727, 22726, 22729",3
0.018595825426944972,"22727, 22726, 22730",3
0.010853889943074005,"22727, 47566, 22726",3
0.01062618595825427,"22728, 22726, 22729",3
0.013130929791271347,"22726, 22728, 22730",3
0.011916508538899431,"22727, 22728, 22729",3
0.014497153700189754,"22727, 22728, 22730",3
0.012523719165085389,"22747, 22746, 22745",3
0.016774193548387096,"22746, 22748, 22745",3
0.012751423149905123,"22747, 22748, 22745",3
0.012371916508538899,"22747, 22746, 22748",3
0.010246679316888045,"22750, 22751, 22749",3
0.014421252371916509,"22866, 22867, 22865",3
0.01047438330170778,"22866, 23439, 22865",3
0.011005692599620493,"22952, 22909, 22910",3
0.015104364326375712,"22916, 22917, 22918",3
0.014573055028462997,"22919, 22916, 22917",3
0.014800759013282733,"22916, 22920, 22917",3
0.013586337760910816,"22916, 22921, 22917",3
0.014345351043643264,"22919, 22916, 22918",3
0.014269449715370018,"22916, 22920, 22918",3
0.013586337760910816,"22916, 22921, 22918",3
0.013814041745730551,"22919, 22920, 22916",3
0.013055028462998103,"22919, 22921, 22916",3
0.012827324478178368,"22916, 22920, 22921",3
0.014573055028462997,"22919, 22917, 22918",3
0.014421252371916509,"22920, 22917, 22918",3
0.01366223908918406,"22921, 22917, 22918",3
0.014269449715370018,"22919, 22920, 22917",3
0.013206831119544592,"22919, 22921, 22917",3
0.012751423149905123,"22920, 22921, 22917",3
0.014041745730550285,"22919, 22920, 22918",3
0.013586337760910816,"22919, 22921, 22918",3
0.012979127134724858,"22920, 22921, 22918",3
0.012599620493358634,"22919, 22920, 22921",3
0.01222011385199241,"22961, 22993, 22960",3
0.01267552182163188,"22961, 85099B, 22960",3
0.012827324478178368,"22961, 22960, DOT",3
0.013738140417457306,"85099B, 22960, DOT",3
0.010853889943074005,"22961, 23199, DOT",3
0.010550284629981024,"22961, 82580, DOT",3
0.011461100569259962,"22961, 84032A, DOT",3
0.010550284629981024,"22961, 84946, DOT",3
0.01555977229601518,"22961, 85099B, DOT",3
0.010853889943074005,"22993, DOT, 85099B",3
0.018216318785578747,"23171, 23172, 23170",3
0.01077798861480076,"23171, 23173, 23170",3
0.010853889943074005,"23171, 23174, 23170",3
0.011461100569259962,"23174, 23173, 23170",3
0.01032258064516129,"23175, 23173, 23170",3
0.01077798861480076,"23175, 23174, 23170",3
0.010094876660341557,"23172, 23174, 23171",3
0.01366223908918406,"23175, 23174, 23173",3
0.01077798861480076,"85099B, 23182, DOT",3
0.013434535104364327,"23201, 23200, 23199",3
0.017836812144212524,"23202, 23200, 23199",3
0.020113851992409868,"23200, 23199, 23203",3
0.01351043643263757,"23200, 23206, 23199",3
0.01222011385199241,"23209, 23200, 23199",3
0.01700189753320683,"85099B, 23200, 23199",3
0.010853889943074005,"23200, 23199, 85099F",3
0.012979127134724858,"23202, 23201, 23199",3
0.013889943074003794,"23201, 23199, 23203",3
0.011461100569259962,"23201, 23206, 23199",3
0.017836812144212524,"85099B, 23199, 23201",3
0.011157495256166983,"23201, 85099C, 23199",3
0.01905123339658444,"23202, 23199, 23203",3
0.012296015180265655,"23202, 23206, 23199",3
0.011157495256166983,"23202, 23209, 23199",3
0.016925996204933586,"23202, 85099B, 23199",3
0.014724857685009488,"23206, 23199, 23203",3
0.014952561669829221,"23209, 23199, 23203",3
0.010094876660341557,"23199, 23203, 23344",3
0.019886148007590133,"85099B, 23199, 23203",3
0.011005692599620493,"23199, 23203, 85099F",3
0.0101707779886148,"23204, 23206, 23199",3
0.010018975332068311,"23204, 23199, 85099B",3
0.011233396584440229,"23206, 23199, 23208",3
0.013814041745730551,"23209, 23206, 23199",3
0.014876660341555978,"85099B, 23206, 23199",3
0.011081593927893738,"85099B, 23199, 23209",3
0.010094876660341557,"85099B, 23301, 23199",3
0.01540796963946869,"85099B, 85099C, 23199",3
0.012903225806451613,"85099B, 23199, 85099F",3
0.014573055028462997,"85099B, 23199, DOT",3
0.011385199240986717,"23202, 23201, 23200",3
0.012144212523719165,"23201, 23200, 23203",3
0.017229601518026567,"23202, 23200, 23203",3
0.01062618595825427,"23202, 23200, 23206",3
0.0101707779886148,"23202, 23209, 23200",3
0.01396584440227704,"23202, 85099B, 23200",3
0.011764705882352941,"23200, 23206, 23203",3
0.012979127134724858,"23209, 23200, 23203",3
0.015863377609108158,"85099B, 23200, 23203",3
0.011233396584440229,"23209, 23200, 23206",3
0.016091081593927893,"23202, 23201, 23203",3
0.013814041745730551,"23202, 85099B, 23201",3
0.012599620493358634,"23209, 23201, 23203",3
0.01571157495256167,"85099B, 23201, 23203",3
0.011385199240986717,"85099B, 85099C, 23201",3
0.010398481973434535,"85099B, 23201, 85099F",3
0.012979127134724858,"23202, 23206, 23203",3
0.011916508538899431,"23202, 23203, 23208",3
0.01806451612903226,"23202, 23209, 23203",3
0.02208728652751423,"23202, 85099B, 23203",3
0.01047438330170778,"23202, 85099C, 23203",3
0.010398481973434535,"23202, 23203, 85099F",3
0.011309297912713472,"23202, 23209, 23206",3
0.010398481973434535,"23202, 85099B, 23206",3
0.011916508538899431,"23202, 23209, 23208",3
0.011916508538899431,"23202, 85099B, 23209",3
0.01077798861480076,"23202, 85099B, 85099C",3
0.011309297912713472,"23202, 85099B, 85099F",3
0.015483870967741935,"23209, 23206, 23203",3
0.013282732447817837,"85099B, 23206, 23203",3
0.01047438330170778,"23209, 23207, 23203",3
0.013358633776091082,"23209, 23203, 23208",3
0.018823529411764704,"85099B, 23209, 23203",3
0.010018975332068311,"23298, 23203, 85099B",3
0.010094876660341557,"23301, 23300, 23203",3
0.011005692599620493,"23343, 23203, 23344",3
0.011005692599620493,"85099B, 23203, 23344",3
0.011992409867172675,"85099B, 85099C, 23203",3
0.012599620493358634,"85099B, 23203, 85099F",3
0.010398481973434535,"85099B, 85123A, 23203",3
0.010702087286527514,"23205, 23204, 23206",3
0.014041745730550285,"23206, 23207, 23208",3
0.012979127134724858,"23209, 23206, 23207",3
0.014800759013282733,"23209, 23206, 23208",3
0.011688804554079696,"85099B, 23206, 23209",3
0.011081593927893738,"23209, 23207, 23208",3
0.011081593927893738,"23263, 23265, 23264",3
0.011081593927893738,"23266, 23263, 23264",3
0.01267552182163188,"23266, 23263, 23265",3
0.011612903225806452,"23266, 23265, 23264",3
0.01351043643263757,"23293, 23294, 23295",3
0.011688804554079696,"23293, 23294, 23296",3
0.012979127134724858,"23293, 23295, 23296",3
0.010853889943074005,"23294, 23295, 23296",3
0.011081593927893738,"85099B, 23301, 23300",3
0.0101707779886148,"85123A, 23301, 23300",3
0.010929791271347248,"85099B, 47566, DOT",3
0.011005692599620493,"82483, 82482, 82494L",3
0.014041745730550285,"85123A, 82482, 82494L",3
0.010094876660341557,"85099B, 82482, 85099C",3
0.013586337760910816,"85099B, 82482, DOT",3
0.011081593927893738,"82581, 82580, 82578",3
0.013889943074003794,"85099B, 82580, DOT",3
0.011612903225806452,"85099B, 84032A, DOT",3
0.013586337760910816,"84596F, 84596G, 84596B",3
0.010018975332068311,"84596L, 84596F, 84596B",3
0.01032258064516129,"84596F, DOT, 84596B",3
0.012523719165085389,"85099B, 84946, DOT",3
0.011081593927893738,"84988, DOT, 85099B",3
0.0101707779886148,"84997D, 84997C, 84997B",3
0.014648956356736242,"85099B, 85099C, 85099F",3
0.016546489563567364,"85099B, 85099C, DOT",3
0.010018975332068311,"85099B, 85123A, 85099F",3
0.011385199240986717,"85099B, 85123A, DOT",3
0.010094876660341557,"85131D, 85099B, DOT",3
0.010246679316888045,"85131D, 85131B, DOT",3
0.012144212523719165,"20711, 21931, 20712, 22386",4
0.012599620493358634,"20711, 21931, 20712, 22411",4
0.013434535104364327,"20711, 85099B, 21931, 20712",4
0.011537001897533207,"20711, 21931, 20712, DOT",4
0.011309297912713472,"20711, 20712, 22411, 22386",4
0.013358633776091082,"20711, 85099B, 20712, 22386",4
0.01047438330170778,"20711, 20712, DOT, 22386",4
0.012827324478178368,"20711, 85099B, 20712, 22411",4
0.010929791271347248,"20711, 20712, 22411, DOT",4
0.011992409867172675,"20711, 85099B, 20712, DOT",4
0.012371916508538899,"20711, 21931, 22411, 22386",4
0.013738140417457306,"20711, 85099B, 21931, 22386",4
0.010550284629981024,"20711, 21931, DOT, 22386",4
0.013434535104364327,"20711, 85099B, 21931, 22411",4
0.011612903225806452,"20711, 21931, 22411, DOT",4
0.011992409867172675,"20711, 85099B, 21931, DOT",4
0.012599620493358634,"20711, 85099B, 22411, 22386",4
0.010018975332068311,"20711, 22411, DOT, 22386",4
0.011840607210626186,"20711, 85099B, DOT, 22386",4
0.011840607210626186,"20711, 85099B, 22411, DOT",4
0.010702087286527514,"85099B, 21931, 20712, 20713",4
0.01032258064516129,"22386, 20712, 85099B, 20713",4
0.010550284629981024,"21731, 85099B, 20712, DOT",4
0.010853889943074005,"21928, 21931, 20712, 22386",4
0.011081593927893738,"21931, 20712, 22411, 21928",4
0.01206831119544592,"85099B, 21931, 20712, 21928",4
0.01062618595825427,"21928, 20712, 22411, 22386",4
0.012296015180265655,"21928, 85099B, 20712, 22386",4
0.012371916508538899,"85099B, 20712, 22411, 21928",4
0.01077798861480076,"85099B, 20712, DOT, 21928",4
0.0101707779886148,"21931, 20712, 21929, 22386",4
0.01077798861480076,"21931, 20712, 22411, 21929",4
0.011385199240986717,"85099B, 21931, 20712, 21929",4
0.010094876660341557,"20712, 22411, 21929, 22386",4
0.011612903225806452,"85099B, 20712, 21929, 22386",4
0.011233396584440229,"85099B, 20712, 22411, 21929",4
0.011385199240986717,"85099B, 21930, 21931, 20712",4
0.011461100569259962,"85099B, 21930, 20712, 22386",4
0.010246679316888045,"85099B, 21930, 20712, 22411",4
0.01032258064516129,"21931, 20712, 21935, DOT",4
0.011081593927893738,"22379, 21931, 20712, 85099B",4
0.011081593927893738,"22379, 21931, 20712, DOT",4
0.010702087286527514,"22385, 21931, 20712, 22386",4
0.011764705882352941,"22385, 85099B, 21931, 20712",4
0.014876660341555978,"21931, 20712, 22411, 22386",4
0.01776091081593928,"85099B, 21931, 20712, 22386",4
0.010246679316888045,"21931, 85099C, 20712, 22386",4
0.013282732447817837,"21931, 20712, DOT, 22386",4
0.016774193548387096,"85099B, 21931, 20712, 22411",4
0.010702087286527514,"20712, 21931, 85099C, 22411",4
0.01411764705882353,"21931, 20712, 22411, DOT",4
0.011840607210626186,"85099B, 21931, 20712, 23199",4
0.010094876660341557,"21931, 20712, 23199, DOT",4
0.012447817836812144,"85099B, 21931, 85099C, 20712",4
0.015104364326375712,"85099B, 21931, 20712, DOT",4
0.01062618595825427,"85099B, 20712, 21935, DOT",4
0.01077798861480076,"22379, 20712, 85099B, 22386",4
0.01077798861480076,"22379, 20712, DOT, 22386",4
0.010702087286527514,"22379, 20712, 22411, 85099B",4
0.01032258064516129,"22379, 20712, 22411, DOT",4
0.012144212523719165,"22379, 20712, DOT, 85099B",4
0.012371916508538899,"22385, 85099B, 20712, 22386",4
0.01047438330170778,"22385, 85099B, 20712, 22411",4
0.01647058823529412,"85099B, 20712, 22411, 22386",4
0.010398481973434535,"20712, 85099C, 22411, 22386",4
0.012751423149905123,"20712, 22411, DOT, 22386",4
0.011992409867172675,"85099B, 20712, 23199, 22386",4
0.012371916508538899,"85099B, 20712, 85099C, 22386",4
0.014345351043643264,"85099B, 20712, DOT, 22386",4
0.01062618595825427,"85099B, 23199, 20712, 22411",4
0.01222011385199241,"85099B, 20712, 85099C, 22411",4
0.014800759013282733,"85099B, 20712, 22411, DOT",4
0.010398481973434535,"85099B, 20712, 23199, DOT",4
0.011157495256166983,"85099B, 20712, 85099C, DOT",4
0.01077798861480076,"22386, 21931, 85099B, 20713",4
0.0101707779886148,"85099B, 21931, 22411, 20713",4
0.012523719165085389,"20724, 20723, 20719, 20725",4
0.010853889943074005,"20726, 20723, 20719, 20724",4
0.012979127134724858,"20724, 20723, 20727, 20719",4
0.012144212523719165,"20724, 20723, 20719, 20728",4
0.012371916508538899,"21212, 20723, 20719, 20724",4
0.019658444022770397,"20723, 22355, 20719, 20724",4
0.01829222011385199,"22356, 20723, 20719, 20724",4
0.01062618595825427,"20724, 22382, 20723, 20719",4
0.01077798861480076,"22383, 20723, 20719, 20724",4
0.011233396584440229,"20724, 22423, 20723, 20719",4
0.01222011385199241,"20724, 23204, 20723, 20719",4
0.010246679316888045,"23205, 20723, 20719, 20724",4
0.010246679316888045,"20724, 20723, 47566, 20719",4
0.011612903225806452,"20723, 22355, 20719, 20725",4
0.01047438330170778,"22356, 20723, 20719, 20725",4
0.010094876660341557,"20726, 22355, 20719, 20723",4
0.011688804554079696,"20723, 22355, 20727, 20719",4
0.010853889943074005,"22356, 20723, 20727, 20719",4
0.011764705882352941,"20723, 22355, 20719, 20728",4
0.010929791271347248,"22356, 20723, 20719, 20728",4
0.011688804554079696,"20723, 22355, 20719, 21212",4
0.011688804554079696,"22356, 20723, 20719, 21212",4
0.010246679316888045,"20723, 22355, 22197, 20719",4
0.016774193548387096,"20723, 22355, 20719, 22356",4
0.011005692599620493,"22383, 22355, 20719, 20723",4
0.011081593927893738,"20723, 22423, 22355, 20719",4
0.011764705882352941,"20723, 23204, 22355, 20719",4
0.010094876660341557,"23205, 22355, 20719, 20723",4
0.010246679316888045,"22356, 22423, 20723, 20719",4
0.010094876660341557,"22356, 23204, 20723, 20719",4
0.010398481973434535,"20726, 20719, 20725, 20724",4
0.011005692599620493,"20724, 20727, 20719, 20725",4
0.01351043643263757,"20724, 22355, 20719, 20725",4
0.012447817836812144,"22356, 20719, 20725, 20724",4
0.010702087286527514,"22383, 20719, 20725, 20724",4
0.01032258064516129,"20726, 20727, 20719, 20724",4
0.011157495256166983,"20726, 22355, 20719, 20724",4
0.01077798861480076,"20726, 20719, 22356, 20724",4
0.01062618595825427,"20724, 20727, 20719, 20728",4
0.012751423149905123,"20724, 22355, 20727, 20719",4
0.01267552182163188,"22356, 20727, 20719, 20724",4
0.010398481973434535,"22383, 20727, 20719, 20724",4
0.011992409867172675,"20724, 22355, 20719, 20728",4
0.011688804554079696,"22356, 20719, 20728, 20724",4
0.012903225806451613,"21212, 22355, 20719, 20724",4
0.013055028462998103,"22356, 20719, 20724, 21212",4
0.010246679316888045,"21212, 22423, 20719, 20724",4
0.010550284629981024,"20724, 22355, 22197, 20719",4
0.010094876660341557,"22356, 22197, 20719, 20724",4
0.01889943074003795,"22356, 22355, 20719, 20724",4
0.01077798861480076,"20724, 22382, 22355, 20719",4
0.01206831119544592,"22383, 22355, 20719, 20724",4
0.010929791271347248,"20724, 22423, 22355, 20719",4
0.012979127134724858,"20724, 23204, 22355, 20719",4
0.010094876660341557,"23205, 22355, 20719, 20724",4
0.010094876660341557,"20724, 22355, 47566, 20719",4
0.01062618595825427,"22356, 22382, 20719, 20724",4
0.011537001897533207,"22383, 20719, 22356, 20724",4
0.01077798861480076,"22356, 22423, 20719, 20724",4
0.011992409867172675,"22356, 23204, 20719, 20724",4
0.01047438330170778,"23205, 20719, 22356, 20724",4
0.011385199240986717,"22356, 22355, 20719, 20725",4
0.010398481973434535,"22383, 22355, 20719, 20725",4
0.011157495256166983,"22356, 22355, 20727, 20719",4
0.010853889943074005,"22356, 22355, 20719, 20728",4
0.012371916508538899,"22356, 22355, 20719, 21212",4
0.01032258064516129,"21212, 22423, 22355, 20719",4
0.01077798861480076,"22383, 22355, 20719, 22356",4
0.010550284629981024,"22356, 22423, 22355, 20719",4
0.010929791271347248,"22356, 23204, 22355, 20719",4
0.0101707779886148,"23205, 22355, 20719, 22356",4
0.011233396584440229,"20723, 20727, 20724, 20725",4
0.010018975332068311,"20723, 20724, 20725, 20728",4
0.013282732447817837,"20723, 22355, 20724, 20725",4
0.012371916508538899,"22356, 20723, 20724, 20725",4
0.01032258064516129,"22383, 20723, 20724, 20725",4
0.010398481973434535,"20726, 22355, 20724, 20723",4
0.011005692599620493,"20723, 20727, 20724, 20728",4
0.013282732447817837,"20723, 22355, 20727, 20724",4
0.012523719165085389,"22356, 20723, 20727, 20724",4
0.010702087286527514,"20723, 22382, 20727, 20724",4
0.0101707779886148,"22383, 20723, 20727, 20724",4
0.012523719165085389,"20723, 22355, 20724, 20728",4
0.012296015180265655,"22356, 20723, 20724, 20728",4
0.01206831119544592,"21212, 22355, 20724, 20723",4
0.012523719165085389,"22356, 20723, 20724, 21212",4
0.01032258064516129,"20723, 22355, 22197, 20724",4
0.018444022770398482,"22356, 22355, 20724, 20723",4
0.011081593927893738,"20723, 22382, 22355, 20724",4
0.012447817836812144,"22383, 22355, 20724, 20723",4
0.010702087286527514,"20723, 22423, 22355, 20724",4
0.012751423149905123,"20723, 23204, 22355, 20724",4
0.010018975332068311,"23205, 22355, 20724, 20723",4
0.010094876660341557,"20723, 22355, 23206, 20724",4
0.010018975332068311,"20723, 22355, 47566, 20724",4
0.011081593927893738,"22356, 22382, 20724, 20723",4
0.01062618595825427,"22383, 20723, 20724, 22356",4
0.010094876660341557,"22356, 20723, 22384, 20724",4
0.010550284629981024,"22356, 22423, 20723, 20724",4
0.011764705882352941,"22356, 23204, 20723, 20724",4
0.01032258064516129,"23205, 20723, 20724, 22356",4
0.010094876660341557,"22356, 20723, 47566, 20724",4
0.010246679316888045,"20723, 22355, 20727, 20725",4
0.010702087286527514,"20723, 22355, 20725, 22356",4
0.01032258064516129,"22383, 22355, 20725, 20723",4
0.010550284629981024,"20723, 22355, 20727, 22356",4
0.011233396584440229,"20723, 22355, 22356, 20728",4
0.011157495256166983,"22356, 22355, 20723, 21212",4
0.010398481973434535,"22383, 22355, 22356, 20723",4
0.010550284629981024,"20723, 23204, 22355, 22356",4
0.0101707779886148,"20726, 22355, 20724, 20725",4
0.011840607210626186,"22355, 20727, 20724, 20725",4
0.011157495256166983,"22356, 20727, 20724, 20725",4
0.010550284629981024,"22383, 20727, 20724, 20725",4
0.011005692599620493,"22355, 20724, 20725, 20728",4
0.010094876660341557,"22356, 20724, 20725, 20728",4
0.010246679316888045,"21212, 22355, 20724, 20725",4
0.013358633776091082,"22356, 22355, 20724, 20725",4
0.010398481973434535,"22355, 22382, 20724, 20725",4
0.012903225806451613,"22383, 22355, 20724, 20725",4
0.01047438330170778,"23204, 22355, 20724, 20725",4
0.011005692599620493,"22383, 20724, 20725, 22356",4
0.010853889943074005,"22355, 20727, 20724, 20728",4
0.01077798861480076,"22356, 20727, 20724, 20728",4
0.012371916508538899,"22356, 22355, 20727, 20724",4
0.0101707779886148,"22355, 22382, 20727, 20724",4
0.011005692599620493,"22383, 22355, 20727, 20724",4
0.0101707779886148,"22356, 22382, 20727, 20724",4
0.010246679316888045,"22356, 20727, 20724, 22383",4
0.012371916508538899,"22356, 22355, 20724, 20728",4
0.010018975332068311,"22355, 22382, 20724, 20728",4
0.010094876660341557,"22383, 22355, 20724, 20728",4
0.012751423149905123,"22356, 22355, 20724, 21212",4
0.010018975332068311,"21212, 22423, 22355, 20724",4
0.010246679316888045,"21212, 22423, 20724, 22356",4
0.010398481973434535,"22356, 22355, 22197, 20724",4
0.011309297912713472,"22356, 22355, 22382, 20724",4
0.012523719165085389,"22383, 22355, 20724, 22356",4
0.01062618595825427,"22356, 22423, 22355, 20724",4
0.012144212523719165,"22356, 23204, 22355, 20724",4
0.010853889943074005,"23205, 22355, 20724, 22356",4
0.010094876660341557,"23205, 23204, 22355, 20724",4
0.010246679316888045,"20724, 23204, 22355, 23206",4
0.010018975332068311,"22356, 23204, 23206, 20724",4
0.01351043643263757,"20726, 20727, 20725, 20728",4
0.014573055028462997,"20726, 22382, 20727, 20725",4
0.015180265654648957,"20726, 20727, 22383, 20725",4
0.01396584440227704,"20726, 22384, 20727, 20725",4
0.011688804554079696,"20726, 20727, 23206, 20725",4
0.01396584440227704,"20726, 22382, 20725, 20728",4
0.014573055028462997,"20726, 20725, 22383, 20728",4
0.013586337760910816,"20726, 22384, 20725, 20728",4
0.010550284629981024,"20726, 23206, 20725, 20728",4
0.014648956356736242,"20726, 22382, 22383, 20725",4
0.014193548387096775,"20726, 22382, 22384, 20725",4
0.011461100569259962,"20726, 22662, 22382, 20725",4
0.011688804554079696,"20726, 22382, 23206, 20725",4
0.014724857685009488,"20726, 22384, 22383, 20725",4
0.01062618595825427,"20726, 22662, 22383, 20725",4
0.01222011385199241,"20726, 23206, 22383, 20725",4
0.010702087286527514,"20726, 22384, 23206, 20725",4
0.010018975332068311,"20726, 23209, 23206, 20725",4
0.014724857685009488,"22382, 20727, 20725, 20728",4
0.017229601518026567,"22383, 20727, 20725, 20728",4
0.016925996204933586,"22384, 20727, 20725, 20728",4
0.011992409867172675,"20727, 23206, 20725, 20728",4
0.01062618595825427,"22383, 22355, 20727, 20725",4
0.016242884250474383,"22383, 22382, 20727, 20725",4
0.014876660341555978,"22382, 20727, 20725, 22384",4
0.010550284629981024,"22662, 22382, 20727, 20725",4
0.012599620493358634,"22382, 20727, 23206, 20725",4
0.0101707779886148,"23209, 22382, 20727, 20725",4
0.01647058823529412,"22383, 22384, 20727, 20725",4
0.010853889943074005,"22383, 22662, 20727, 20725",4
0.014193548387096775,"22383, 20727, 23206, 20725",4
0.01047438330170778,"22383, 20727, 20725, 23207",4
0.01047438330170778,"22383, 20727, 20725, 23208",4
0.010702087286527514,"22383, 23209, 20727, 20725",4
0.01206831119544592,"22384, 20727, 23206, 20725",4
0.011612903225806452,"23209, 22384, 20727, 20725",4
0.01062618595825427,"85099B, 22384, 20727, 20725",4
0.010246679316888045,"20727, 23206, 20725, 23207",4
0.011081593927893738,"20727, 23206, 20725, 23208",4
0.011309297912713472,"23209, 20727, 23206, 20725",4
0.015787476280834916,"22383, 22382, 20725, 20728",4
0.014269449715370018,"22382, 22384, 20725, 20728",4
0.0101707779886148,"22662, 22382, 20725, 20728",4
0.011233396584440229,"22382, 23206, 20725, 20728",4
0.015787476280834916,"22383, 22384, 20725, 20728",4
0.010398481973434535,"22383, 22662, 20725, 20728",4
0.013055028462998103,"22383, 23206, 20725, 20728",4
0.0101707779886148,"22383, 23207, 20725, 20728",4
0.011157495256166983,"22384, 23206, 20725, 20728",4
0.011233396584440229,"22383, 85099B, 21931, 20725",4
0.0101707779886148,"22383, 22355, 20725, 22356",4
0.013358633776091082,"22383, 22382, 22384, 20725",4
0.012144212523719165,"22383, 22662, 22382, 20725",4
0.012903225806451613,"22383, 22382, 23206, 20725",4
0.01032258064516129,"22383, 22382, 20725, 23208",4
0.01062618595825427,"22662, 22382, 22384, 20725",4
0.010702087286527514,"22382, 22384, 23206, 20725",4
0.010398481973434535,"23209, 22382, 23206, 20725",4
0.011157495256166983,"22383, 22662, 22384, 20725",4
0.01206831119544592,"22383, 22384, 23206, 20725",4
0.010853889943074005,"22383, 23209, 22384, 20725",4
0.010550284629981024,"22383, 23206, 20725, 23207",4
0.010702087286527514,"22383, 23206, 20725, 23208",4
0.011992409867172675,"22383, 23209, 23206, 20725",4
0.011081593927893738,"85099B, 22384, 20725, 22386",4
0.011157495256166983,"23209, 22384, 23206, 20725",4
0.01206831119544592,"23209, 20725, 23203, 85099B",4
0.013282732447817837,"20726, 22382, 20727, 20728",4
0.013130929791271347,"20726, 20727, 22383, 20728",4
0.012523719165085389,"20726, 22384, 20727, 20728",4
0.010094876660341557,"20726, 20727, 23206, 20728",4
0.013434535104364327,"20726, 22382, 20727, 22383",4
0.012827324478178368,"20726, 22382, 20727, 22384",4
0.010929791271347248,"20726, 22382, 20727, 23206",4
0.012979127134724858,"20726, 22384, 20727, 22383",4
0.011916508538899431,"20726, 20727, 23206, 22383",4
0.013206831119544592,"20726, 22382, 22383, 20728",4
0.012371916508538899,"20726, 22382, 22384, 20728",4
0.010094876660341557,"20726, 22382, 23206, 20728",4
0.011992409867172675,"20726, 22384, 22383, 20728",4
0.01047438330170778,"20726, 23206, 22383, 20728",4
0.011461100569259962,"20726, 22382, 22384, 22383",4
0.01077798861480076,"20726, 22382, 23206, 22383",4
0.015028462998102466,"22383, 22382, 20727, 20728",4
0.01366223908918406,"22382, 20727, 22384, 20728",4
0.011005692599620493,"22382, 20727, 23206, 20728",4
0.014573055028462997,"22383, 22384, 20727, 20728",4
0.01267552182163188,"22383, 20727, 23206, 20728",4
0.01032258064516129,"22383, 23207, 20727, 20728",4
0.01032258064516129,"22384, 20727, 23206, 20728",4
0.012903225806451613,"22383, 22382, 20727, 22384",4
0.010702087286527514,"22383, 22662, 22382, 20727",4
0.012903225806451613,"22383, 22382, 20727, 23206",4
0.010702087286527514,"22383, 22382, 20727, 23207",4
0.010094876660341557,"22383, 22382, 20727, 23208",4
0.010929791271347248,"22383, 22384, 20727, 23206",4
0.010853889943074005,"22383, 20727, 23206, 23207",4
0.011309297912713472,"22383, 20727, 23206, 23208",4
0.010702087286527514,"22383, 23209, 20727, 23206",4
0.012296015180265655,"22383, 22382, 22384, 20728",4
0.010018975332068311,"22383, 22662, 22382, 20728",4
0.011840607210626186,"22383, 22382, 23206, 20728",4
0.010246679316888045,"22383, 22382, 23207, 20728",4
0.010246679316888045,"22383, 22384, 23206, 20728",4
0.010246679316888045,"21934, 21494, 21935, DOT",4
0.010398481973434535,"21731, 85099B, DOT, 21928",4
0.01062618595825427,"21731, 85099B, 21931, DOT",4
0.010094876660341557,"21731, 22961, 21935, DOT",4
0.010398481973434535,"21731, 85099B, 21935, DOT",4
0.010094876660341557,"21731, 22379, DOT, 85099B",4
0.010550284629981024,"21731, 85099B, DOT, 22386",4
0.010853889943074005,"21731, 85099B, 22411, DOT",4
0.010550284629981024,"21731, 22697, DOT, 22699",4
0.01032258064516129,"21731, 22697, DOT, 85099B",4
0.010246679316888045,"21928, 21931, 21929, 22386",4
0.010550284629981024,"21931, 22411, 21929, 21928",4
0.012296015180265655,"85099B, 21931, 21929, 21928",4
0.010853889943074005,"21928, 22411, 21929, 22386",4
0.013889943074003794,"21928, 85099B, 21929, 22386",4
0.01351043643263757,"85099B, 22411, 21929, 21928",4
0.010094876660341557,"85099B, 23199, 21929, 21928",4
0.010398481973434535,"85099B, 85099C, 21929, 21928",4
0.013282732447817837,"21928, 21931, 22411, 22386",4
0.015104364326375712,"21928, 85099B, 21931, 22386",4
0.010018975332068311,"21928, 21931, 85099C, 22386",4
0.015939278937381403,"85099B, 21931, 22411, 21928",4
0.011081593927893738,"21931, 85099C, 22411, 21928",4
0.012447817836812144,"85099B, 21931, 85099C, 21928",4
0.010929791271347248,"85099B, 21931, DOT, 21928",4
0.010246679316888045,"21928, 85099B, 22385, 22386",4
0.015787476280834916,"21928, 85099B, 22411, 22386",4
0.010550284629981024,"21928, 85099C, 22411, 22386",4
0.01032258064516129,"21928, 85099B, 23199, 22386",4
0.012751423149905123,"21928, 85099B, 85099C, 22386",4
0.01032258064516129,"21928, 85099B, DOT, 22386",4
0.010398481973434535,"22411, 85099B, 23199, 21928",4
0.013358633776091082,"85099B, 85099C, 22411, 21928",4
0.010929791271347248,"85099B, 22411, DOT, 21928",4
0.012599620493358634,"21931, 22411, 21929, 22386",4
0.014421252371916509,"85099B, 21931, 21929, 22386",4
0.014041745730550285,"85099B, 21931, 22411, 21929",4
0.010018975332068311,"85099B, 21931, 23199, 21929",4
0.010018975332068311,"85099B, 21931, 85099C, 21929",4
0.014800759013282733,"85099B, 22411, 21929, 22386",4
0.0101707779886148,"85099B, 23199, 21929, 22386",4
0.010246679316888045,"85099B, 85099C, 21929, 22386",4
0.01032258064516129,"85099B, 23199, 22411, 21929",4
0.01062618595825427,"85099B, 85099C, 22411, 21929",4
0.010398481973434535,"21930, 21931, 22411, 22386",4
0.012979127134724858,"85099B, 21930, 21931, 22386",4
0.01267552182163188,"85099B, 21930, 21931, 22411",4
0.01032258064516129,"85099B, 21930, 21931, 85099C",4
0.011916508538899431,"85099B, 21930, 22411, 22386",4
0.010018975332068311,"85099B, 21930, 85099C, 22386",4
0.011840607210626186,"85099B, 21931, 21935, DOT",4
0.011309297912713472,"22379, 21931, 85099B, 22386",4
0.01032258064516129,"22379, 21931, DOT, 22386",4
0.010246679316888045,"22379, 21931, 22411, 85099B",4
0.010018975332068311,"22379, 21931, 22411, DOT",4
0.012144212523719165,"22379, 21931, DOT, 85099B",4
0.010702087286527514,"22385, 21931, 22411, 22386",4
0.012903225806451613,"22385, 85099B, 21931, 22386",4
0.012371916508538899,"22385, 85099B, 21931, 22411",4
0.010018975332068311,"22385, 85099B, 21931, 85099C",4
0.010853889943074005,"23199, 21931, 22411, 22386",4
0.0203415559772296,"85099B, 21931, 22411, 22386",4
0.012599620493358634,"21931, 85099C, 22411, 22386",4
0.013206831119544592,"21931, 22411, DOT, 22386",4
0.013889943074003794,"85099B, 21931, 23199, 22386",4
0.015635673624288426,"85099B, 21931, 85099C, 22386",4
0.010929791271347248,"85099F, 85099B, 21931, 22386",4
0.014573055028462997,"85099B, 21931, DOT, 22386",4
0.012371916508538899,"85099B, 23199, 21931, 22411",4
0.015256166982922202,"85099B, 21931, 85099C, 22411",4
0.015028462998102466,"85099B, 21931, 22411, DOT",4
0.011005692599620493,"85099B, 21931, 23199, 23201",4
0.01047438330170778,"85099B, 21931, 85099C, 23199",4
0.01032258064516129,"85099B, 21931, 23199, DOT",4
0.010929791271347248,"23202, 85099B, 21931, 23203",4
0.011157495256166983,"85099B, 21931, 85099C, DOT",4
0.011537001897533207,"22961, 21934, 21935, DOT",4
0.010929791271347248,"85099B, 21934, 21935, DOT",4
0.010094876660341557,"22961, 22197, 21935, DOT",4
0.010853889943074005,"85099B, 22197, 21935, DOT",4
0.010094876660341557,"22961, 22379, 21935, DOT",4
0.011309297912713472,"22379, 21935, DOT, 85099B",4
0.01047438330170778,"85099B, 21935, DOT, 22386",4
0.010550284629981024,"85099B, 21935, 22411, DOT",4
0.010398481973434535,"22961, 21935, DOT, 22666",4
0.010246679316888045,"85099B, 21935, DOT, 22666",4
0.01077798861480076,"22697, 21935, DOT, 22699",4
0.011005692599620493,"22961, 22697, 21935, DOT",4
0.010094876660341557,"22697, 85099B, 21935, DOT",4
0.010018975332068311,"22961, 22960, 21935, DOT",4
0.01032258064516129,"22961, 84032A, 21935, DOT",4
0.011840607210626186,"22961, 85099B, 21935, DOT",4
0.010018975332068311,"22697, 22197, DOT, 22699",4
0.010702087286527514,"22379, 22411, 85099B, 22386",4
0.011764705882352941,"22379, DOT, 85099B, 22386",4
0.012371916508538899,"22379, 22411, DOT, 85099B",4
0.0101707779886148,"22961, 22379, DOT, 85099B",4
0.010018975332068311,"22383, 22382, 23206, 23207",4
0.01047438330170778,"22383, 22382, 23206, 23208",4
0.011764705882352941,"22385, 85099B, 22411, 22386",4
0.012371916508538899,"85099B, 23199, 22411, 22386",4
0.015180265654648957,"85099B, 85099C, 22411, 22386",4
0.014193548387096775,"85099B, 22411, DOT, 22386",4
0.010094876660341557,"85099B, 23199, 23201, 22386",4
0.010702087286527514,"85099B, 85099C, 23199, 22386",4
0.010853889943074005,"23202, 85099B, 23203, 22386",4
0.01062618595825427,"85099B, 85099C, DOT, 22386",4
0.01077798861480076,"85099B, 85099C, 22411, DOT",4
0.021100569259962048,"22699, 22423, 22698, 22697",4
0.01077798861480076,"22699, 22698, 22960, 22697",4
0.01047438330170778,"22961, 22698, 22697, 22699",4
0.012371916508538899,"22697, 22698, 23170, 22699",4
0.012447817836812144,"22697, 22698, 23171, 22699",4
0.011157495256166983,"22699, 23172, 22698, 22697",4
0.01062618595825427,"22699, 22698, 23173, 22697",4
0.010702087286527514,"22699, 22698, 23245, 22697",4
0.010702087286527514,"22699, 85099B, 22698, 22697",4
0.011916508538899431,"22697, 22698, DOT, 22699",4
0.011840607210626186,"23171, 22697, 22698, 23170",4
0.010929791271347248,"22697, 23172, 22698, 23170",4
0.011612903225806452,"22697, 23172, 22698, 23171",4
0.011233396584440229,"22961, 22697, DOT, 22699",4
0.013434535104364327,"23171, 22697, 23170, 22699",4
0.011309297912713472,"22697, 23172, 23170, 22699",4
0.011537001897533207,"22697, 23172, 23171, 22699",4
0.01222011385199241,"22697, 85099B, DOT, 22699",4
0.010246679316888045,"22961, 22697, DOT, 85099B",4
0.011992409867172675,"23171, 22697, 23172, 23170",4
0.011764705882352941,"23171, 22698, 23170, 22699",4
0.011385199240986717,"22699, 23172, 22698, 23170",4
0.011157495256166983,"22699, 23172, 22698, 23171",4
0.011309297912713472,"23171, 23172, 22698, 23170",4
0.012523719165085389,"23171, 23172, 23170, 22699",4
0.011005692599620493,"22726, 22727, 22728, 22730",4
0.011537001897533207,"22747, 22746, 22748, 22745",4
0.013814041745730551,"22919, 22916, 22917, 22918",4
0.013814041745730551,"22916, 22920, 22917, 22918",4
0.013282732447817837,"22916, 22921, 22917, 22918",4
0.013434535104364327,"22919, 22920, 22916, 22917",4
0.012751423149905123,"22919, 22921, 22916, 22917",4
0.012523719165085389,"22916, 22920, 22921, 22917",4
0.013055028462998103,"22919, 22920, 22916, 22918",4
0.012827324478178368,"22919, 22921, 22916, 22918",4
0.012523719165085389,"22916, 22920, 22921, 22918",4
0.011992409867172675,"22919, 22920, 22916, 22921",4
0.013206831119544592,"22919, 22920, 22917, 22918",4
0.012979127134724858,"22919, 22921, 22917, 22918",4
0.012447817836812144,"22920, 22921, 22917, 22918",4
0.011992409867172675,"22919, 22920, 22921, 22917",4
0.012296015180265655,"22919, 22920, 22921, 22918",4
0.013814041745730551,"23202, 23200, 23199, 23203",4
0.011461100569259962,"23202, 85099B, 23200, 23199",4
0.012599620493358634,"85099B, 23200, 23199, 23203",4
0.010018975332068311,"23202, 23201, 23199, 23203",4
0.013282732447817837,"23202, 85099B, 23199, 23203",4
0.01047438330170778,"23209, 23206, 23199, 23203",4
0.011537001897533207,"23202, 85099B, 23200, 23203",4
0.01077798861480076,"23202, 85099B, 23201, 23203",4
0.010018975332068311,"23202, 23209, 23203, 23208",4
0.010929791271347248,"23202, 85099B, 23209, 23203",4
0.010246679316888045,"21931, 20712, 22411, 22386, 20711",5
0.011081593927893738,"21931, 20712, 85099B, 22386, 20711",5
0.01077798861480076,"21931, 20712, 85099B, 22411, 20711",5
0.01032258064516129,"20712, 85099B, 22411, 22386, 20711",5
0.011309297912713472,"21931, 85099B, 22411, 22386, 20711",5
0.013206831119544592,"21931, 20712, 85099B, 22411, 22386",5
0.01047438330170778,"21931, 20712, 22411, DOT, 22386",5
0.011233396584440229,"21931, 20712, 85099B, DOT, 22386",5
0.011688804554079696,"21931, 20712, 85099B, 22411, DOT",5
0.011005692599620493,"20712, 85099B, 22411, DOT, 22386",5
0.01047438330170778,"20723, 20724, 20719, 22355, 20725",5
0.010853889943074005,"20723, 20724, 20719, 22355, 20727",5
0.010398481973434535,"22356, 20724, 20719, 20723, 20727",5
0.010702087286527514,"20723, 20724, 20719, 22355, 20728",5
0.010246679316888045,"22356, 20724, 20719, 20723, 20728",5
0.010702087286527514,"21212, 20723, 20724, 20719, 22355",5
0.011005692599620493,"22356, 21212, 20724, 20719, 20723",5
0.01540796963946869,"22356, 20723, 20724, 20719, 22355",5
0.01062618595825427,"22355, 20724, 20719, 23204, 20723",5
0.010246679316888045,"21212, 22356, 20723, 20719, 22355",5
0.010246679316888045,"22356, 20724, 20719, 22355, 20725",5
0.010246679316888045,"22356, 20724, 20719, 22355, 20727",5
0.010094876660341557,"22356, 20724, 20719, 22355, 20728",5
0.011233396584440229,"22356, 21212, 20724, 20719, 22355",5
0.010094876660341557,"22356, 20724, 20719, 23204, 22355",5
0.010018975332068311,"22356, 20723, 20724, 22355, 20725",5
0.0101707779886148,"22356, 20723, 20724, 22355, 20727",5
0.01047438330170778,"22356, 20723, 20724, 22355, 20728",5
0.01062618595825427,"21212, 22356, 20723, 20724, 22355",5
0.010094876660341557,"22382, 20726, 20727, 20725, 20728",5
0.01077798861480076,"20726, 22383, 20727, 20725, 20728",5
0.01062618595825427,"22382, 20726, 22383, 20727, 20725",5
0.01032258064516129,"22382, 20726, 22384, 20727, 20725",5
0.010702087286527514,"20726, 22384, 22383, 20727, 20725",5
0.010550284629981024,"22382, 20726, 22383, 20725, 20728",5
0.010246679316888045,"22382, 20726, 22384, 20725, 20728",5
0.01062618595825427,"20726, 22384, 22383, 20725, 20728",5
0.011385199240986717,"22382, 22383, 20727, 20725, 20728",5
0.01062618595825427,"22382, 22384, 20727, 20725, 20728",5
0.012144212523719165,"22384, 22383, 20727, 20725, 20728",5
0.010246679316888045,"22382, 22384, 22383, 20727, 20725",5
0.010246679316888045,"22382, 22384, 22383, 20725, 20728",5
0.012144212523719165,"21931, 21928, 85099B, 22411, 22386",5
0.0101707779886148,"21931, 21928, 85099B, 22411, 85099C",5
0.011233396584440229,"21931, 21929, 85099B, 22411, 22386",5
0.011385199240986717,"21931, 85099B, 22411, 22386, 85099C",5
0.011537001897533207,"21931, 85099B, 22411, DOT, 22386",5
0.011233396584440229,"22699, 23171, 22698, 23170, 22697",5
0.01047438330170778,"22699, 22698, 23170, 23172, 22697",5
0.01062618595825427,"22699, 23171, 22698, 23172, 22697",5
0.01062618595825427,"23171, 22698, 23170, 23172, 22697",5
0.011005692599620493,"22699, 23171, 23170, 23172, 22697",5
0.01062618595825427,"22699, 23171, 22698, 23170, 23172",5
0.012751423149905123,"22918, 22916, 22919, 22920, 22917",5
0.012599620493358634,"22921, 22918, 22916, 22919, 22917",5
0.012296015180265655,"22921, 22918, 22916, 22920, 22917",5
0.011764705882352941,"22921, 22916, 22919, 22920, 22917",5
0.011840607210626186,"22921, 22918, 22916, 22919, 22920",5
0.011840607210626186,"22921, 22918, 22919, 22920, 22917",5
0.0101707779886148,"22699, 23171, 22698, 23170, 23172, 22697",6
0.011688804554079696,"22921, 22918, 22916, 22919, 22920, 22917",6
